#SampleID	Barcode1	Barcode2
PB01_A01	GACAGGTACAAGAAGGAGTATGCA	CACTTTCGGGAACACGCACAGACG
PB01_B01	GACAGGTACAAGAAGGAGTATGCA	AGACACACTCTTCAAGTCGTGTTA
PB01_C01	GACAGGTACAAGAAGGAGTATGCA	AAAGGAGTAGGATTAACGTCGAGG
PB01_D01	GACAGGTACAAGAAGGAGTATGCA	ATTGATTCCCGCTTATGTGCGTCT
PB01_E01	GACAGGTACAAGAAGGAGTATGCA	GCCGCTTATACGCATAATCTGCAT
PB01_F01	GACAGGTACAAGAAGGAGTATGCA	CCAATCTCAGAAGCTATGTAGCCT
PB01_G01	GACAGGTACAAGAAGGAGTATGCA	ATTGTTGCATCGTAGGCACCGTCG
PB01_H01	GACAGGTACAAGAAGGAGTATGCA	ATGAAGGATTCATCGGCTTAGCTG
PB01_A02	GACAGGTACAAGAAGGAGTATGCA	TAGGTCGTTCAGGTTCGCGCGACT
PB01_B02	GACAGGTACAAGAAGGAGTATGCA	CGGTTTCCGTTAAGTTGCAGTCGT
PB01_C02	GACAGGTACAAGAAGGAGTATGCA	ATCCAGGTAATGATACCCATTGAC
PB01_D02	GACAGGTACAAGAAGGAGTATGCA	GTTCTCTGCATATTGTTTCTAGCG
PB01_E02	GACAGGTACAAGAAGGAGTATGCA	GGTCGACACCTACCTTAGGTCCAA
PB01_F02	GACAGGTACAAGAAGGAGTATGCA	GAATACAAGGGCTGAGTATTGCTA
PB01_G02	GACAGGTACAAGAAGGAGTATGCA	CACCCACGCATATAAGTGGGCACG
PB01_H02	GACAGGTACAAGAAGGAGTATGCA	CAGCCATGCAGAGACCCGTGAAAG
PB01_A03	GACAGGTACAAGAAGGAGTATGCA	TCTTCTGGGTGAACCCAGCCATAT
PB01_B03	GACAGGTACAAGAAGGAGTATGCA	TGGCGTTCTGCCAAATCGGAACCG
PB01_C03	GACAGGTACAAGAAGGAGTATGCA	TTACTACATTTACCGACCGCGCTC
PB01_D03	GACAGGTACAAGAAGGAGTATGCA	TCTTCCCGTTTACGTGATTCTCTA
PB01_E03	GACAGGTACAAGAAGGAGTATGCA	CTACCAAGATCATTGTACTGAGCA
PB01_F03	GACAGGTACAAGAAGGAGTATGCA	ACTGGGACCACTCATGAGAACGAC
PB01_G03	GACAGGTACAAGAAGGAGTATGCA	GATAGGTGCCGTCATCGGTGCAGT
PB01_H03	GACAGGTACAAGAAGGAGTATGCA	ATCGGTATCCAAATGTGCTACTTC
PB01_A04	GACAGGTACAAGAAGGAGTATGCA	CATCTCTTAGCTGTAGTAATCCGG
PB01_B04	GACAGGTACAAGAAGGAGTATGCA	TCAGTCCAGTTGTGTGAAATAGCT
PB01_C04	GACAGGTACAAGAAGGAGTATGCA	GGACTGGTTATGCGCTTGATCTAA
PB01_D04	GACAGGTACAAGAAGGAGTATGCA	AACGCTTTCGGACGGATAGGGTGT
PB01_E04	GACAGGTACAAGAAGGAGTATGCA	CATGTACACTGCGTCTGTCCGAGA
PB01_F04	GACAGGTACAAGAAGGAGTATGCA	GTCTGATCTCTTAGGAACCCGGCG
PB01_G04	GACAGGTACAAGAAGGAGTATGCA	ATGCCTGGCTCGTGTGGACTTTGG
PB01_H04	GACAGGTACAAGAAGGAGTATGCA	GAGGTAGATAACAGCTTTGAAACG
PB01_A05	GACAGGTACAAGAAGGAGTATGCA	GGACGATAGTCTTCATCGTAGGGT
PB01_B05	GACAGGTACAAGAAGGAGTATGCA	CGGAATTACGAGAGGGACGAAGAG
PB01_C05	GACAGGTACAAGAAGGAGTATGCA	TCGCACTGCTGGACATTATACTTT
PB01_D05	GACAGGTACAAGAAGGAGTATGCA	CTGCGGCCAGACATTTGCCTTGTC
PB01_E05	GACAGGTACAAGAAGGAGTATGCA	CACTCTCGTTGTGAAAGTTAGACG
PB01_F05	GACAGGTACAAGAAGGAGTATGCA	GTATGGCTCTATTATCAGATGTCG
PB01_G05	GACAGGTACAAGAAGGAGTATGCA	GCTTGCATAGCTGGAATTGTCTAG
PB01_H05	GACAGGTACAAGAAGGAGTATGCA	CTCTATGGTACTCTTCTACTCCTC
PB01_A06	GACAGGTACAAGAAGGAGTATGCA	GAACTCGTCCTTTACTACTTCGCG
PB01_B06	GACAGGTACAAGAAGGAGTATGCA	TATCCGTGGTCTGGATGCGATGCT
PB01_C06	GACAGGTACAAGAAGGAGTATGCA	CCCGCCTATGGATAAAGTACAGCA
PB01_D06	GACAGGTACAAGAAGGAGTATGCA	ACAATTGCGCTCAATCCGACGTGA
PB01_E06	GACAGGTACAAGAAGGAGTATGCA	TAGTTGCGCCCGTAGCTCTCATGG
PB01_F06	GACAGGTACAAGAAGGAGTATGCA	CGCAGACACTCGGCCGAATCATCA
PB01_G06	GACAGGTACAAGAAGGAGTATGCA	TAGAGATCGCCTACCGAGGACAAG
PB01_H06	GACAGGTACAAGAAGGAGTATGCA	AGTTCAACGACTATTATAGAGCGG
PB01_A07	GACAGGTACAAGAAGGAGTATGCA	ACGTAATGCTCACAGGGTGTGCGG
PB01_B07	GACAGGTACAAGAAGGAGTATGCA	GCATTCACGGTTTATGCGTTTAAC
PB01_C07	GACAGGTACAAGAAGGAGTATGCA	TAACCGCGGAGGATGTGAATCTTA
PB01_D07	GACAGGTACAAGAAGGAGTATGCA	TCAGGACCCGCCAGGAGATACCAT
PB01_E07	GACAGGTACAAGAAGGAGTATGCA	TGTGCCCGCACGTATTTACCTCGA
PB01_F07	GACAGGTACAAGAAGGAGTATGCA	AGCGCGCTATTAACACTTTAGTGA
PB01_G07	GACAGGTACAAGAAGGAGTATGCA	GACATGATTGGCTAAATAGCTACC
PB01_H07	GACAGGTACAAGAAGGAGTATGCA	TGGCCAATGAACCGTACCAAGTGA
PB01_A08	GACAGGTACAAGAAGGAGTATGCA	TCAACGGCTACCGACTAATTATCG
PB01_B08	GACAGGTACAAGAAGGAGTATGCA	GGCTAATCATTCACAGTCAGAAAC
PB01_C08	GACAGGTACAAGAAGGAGTATGCA	ATATAGGTCCAACAACGTTCCGAC
PB01_D08	GACAGGTACAAGAAGGAGTATGCA	TGGAATCCTAACGGTAGGCATATA
PB01_E08	GACAGGTACAAGAAGGAGTATGCA	AAAGGGCCAAGTACCCGGAAACAT
PB01_F08	GACAGGTACAAGAAGGAGTATGCA	CCGATATCTCCGAATGTTTGACGA
PB01_G08	GACAGGTACAAGAAGGAGTATGCA	GGCCAGTTGGCCATTATGGACTCT
PB01_H08	GACAGGTACAAGAAGGAGTATGCA	TGGTTTAAACTTAGCACGCTCCCT
PB01_A09	GACAGGTACAAGAAGGAGTATGCA	CTGTATGTCCATAACGTCCGTCGA
PB01_B09	GACAGGTACAAGAAGGAGTATGCA	GACTATCTAGGCTCAACACTAGGA
PB01_C09	GACAGGTACAAGAAGGAGTATGCA	GCACGATCCGGCTTCTCATTCAGA
PB01_D09	GACAGGTACAAGAAGGAGTATGCA	GACCGTATACTCCTTGTAGATACG
PB01_E09	GACAGGTACAAGAAGGAGTATGCA	TGACCAGTTATACACCGGTGGTGC
PB01_F09	GACAGGTACAAGAAGGAGTATGCA	GGAGACGCTGTAGATTTACATAAG
PB01_G09	GACAGGTACAAGAAGGAGTATGCA	CACTCTCACGACGAAGGCGAGTCA
PB01_H09	GACAGGTACAAGAAGGAGTATGCA	ACGGCGGATACTTCGGAAAGGAGA
PB01_A10	GACAGGTACAAGAAGGAGTATGCA	TCCTGACTTGTCGTACGATTCGTA
PB01_B10	GACAGGTACAAGAAGGAGTATGCA	GGACGTGCTTTCTTCACGGCGTGT
PB01_C10	GACAGGTACAAGAAGGAGTATGCA	AAGCGAAACCATGTTTAGCTGGTG
PB01_D10	GACAGGTACAAGAAGGAGTATGCA	CAGGTTGTGACCAATGGACCGCAG
PB01_E10	GACAGGTACAAGAAGGAGTATGCA	GGGTGGATATCATCCGCGACTGTA
PB01_F10	GACAGGTACAAGAAGGAGTATGCA	GTTGCTGGAAGGTCGTCCGGAATA
PB01_G10	GACAGGTACAAGAAGGAGTATGCA	GCCCAAAGCTAGTCCCGAGTTAGC
PB01_H10	GACAGGTACAAGAAGGAGTATGCA	TAAAGAGCGTGGTCTCATGCCGCG
PB01_A11	GACAGGTACAAGAAGGAGTATGCA	GTTGAGCATGTGCCACACAATCCC
PB01_B11	GACAGGTACAAGAAGGAGTATGCA	ACATGGAGGCACTTATGTTAGCGC
PB01_C11	GACAGGTACAAGAAGGAGTATGCA	CGACAATGCAACGATGACAGTTTG
PB01_D11	GACAGGTACAAGAAGGAGTATGCA	GCAGATTCGGTGAACATCTCAGTG
PB01_E11	GACAGGTACAAGAAGGAGTATGCA	TCCGGGAACTTCTCGATGCCAACT
PB01_F11	GACAGGTACAAGAAGGAGTATGCA	ATGGGTGACGCTTTCTTCAGATCG
PB01_G11	GACAGGTACAAGAAGGAGTATGCA	CAAGAACACCATATACTTGGTCGG
PB01_H11	GACAGGTACAAGAAGGAGTATGCA	CGATCGCCCGTCAATTAGGATCGC
PB01_A12	GACAGGTACAAGAAGGAGTATGCA	AGAACGGAACCCTTCTCTTATACA
PB01_B12	GACAGGTACAAGAAGGAGTATGCA	TTTATATCGACTGTCGCCGATGCG
PB01_C12	GACAGGTACAAGAAGGAGTATGCA	CTTGAACCCAGCAATTAGGGCGCG
PB01_D12	GACAGGTACAAGAAGGAGTATGCA	GCGAGATATACAGTGGGCCGATAC
PB01_E12	GACAGGTACAAGAAGGAGTATGCA	TATAGTCCGTCAACTTAGGAGAGA
PB01_F12	GACAGGTACAAGAAGGAGTATGCA	GATTCTCCGTGGTCCATATGCGGT
PB01_G12	GACAGGTACAAGAAGGAGTATGCA	AACACGATACTGGTATGGTGCGGA
PB01_H12	GACAGGTACAAGAAGGAGTATGCA	ATCTCTTAGGATCCAGAGAAGCCG
PB02_A01	TCAATGTGGTCGTGTGGAACAAAC	CACTTTCGGGAACACGCACAGACG
PB02_B01	TCAATGTGGTCGTGTGGAACAAAC	AGACACACTCTTCAAGTCGTGTTA
PB02_C01	TCAATGTGGTCGTGTGGAACAAAC	AAAGGAGTAGGATTAACGTCGAGG
PB02_D01	TCAATGTGGTCGTGTGGAACAAAC	ATTGATTCCCGCTTATGTGCGTCT
PB02_E01	TCAATGTGGTCGTGTGGAACAAAC	GCCGCTTATACGCATAATCTGCAT
PB02_F01	TCAATGTGGTCGTGTGGAACAAAC	CCAATCTCAGAAGCTATGTAGCCT
PB02_G01	TCAATGTGGTCGTGTGGAACAAAC	ATTGTTGCATCGTAGGCACCGTCG
PB02_H01	TCAATGTGGTCGTGTGGAACAAAC	ATGAAGGATTCATCGGCTTAGCTG
PB02_A02	TCAATGTGGTCGTGTGGAACAAAC	TAGGTCGTTCAGGTTCGCGCGACT
PB02_B02	TCAATGTGGTCGTGTGGAACAAAC	CGGTTTCCGTTAAGTTGCAGTCGT
PB02_C02	TCAATGTGGTCGTGTGGAACAAAC	ATCCAGGTAATGATACCCATTGAC
PB02_D02	TCAATGTGGTCGTGTGGAACAAAC	GTTCTCTGCATATTGTTTCTAGCG
PB02_E02	TCAATGTGGTCGTGTGGAACAAAC	GGTCGACACCTACCTTAGGTCCAA
PB02_F02	TCAATGTGGTCGTGTGGAACAAAC	GAATACAAGGGCTGAGTATTGCTA
PB02_G02	TCAATGTGGTCGTGTGGAACAAAC	CACCCACGCATATAAGTGGGCACG
PB02_H02	TCAATGTGGTCGTGTGGAACAAAC	CAGCCATGCAGAGACCCGTGAAAG
PB02_A03	TCAATGTGGTCGTGTGGAACAAAC	TCTTCTGGGTGAACCCAGCCATAT
PB02_B03	TCAATGTGGTCGTGTGGAACAAAC	TGGCGTTCTGCCAAATCGGAACCG
PB02_C03	TCAATGTGGTCGTGTGGAACAAAC	TTACTACATTTACCGACCGCGCTC
PB02_D03	TCAATGTGGTCGTGTGGAACAAAC	TCTTCCCGTTTACGTGATTCTCTA
PB02_E03	TCAATGTGGTCGTGTGGAACAAAC	CTACCAAGATCATTGTACTGAGCA
PB02_F03	TCAATGTGGTCGTGTGGAACAAAC	ACTGGGACCACTCATGAGAACGAC
PB02_G03	TCAATGTGGTCGTGTGGAACAAAC	GATAGGTGCCGTCATCGGTGCAGT
PB02_H03	TCAATGTGGTCGTGTGGAACAAAC	ATCGGTATCCAAATGTGCTACTTC
PB02_A04	TCAATGTGGTCGTGTGGAACAAAC	CATCTCTTAGCTGTAGTAATCCGG
PB02_B04	TCAATGTGGTCGTGTGGAACAAAC	TCAGTCCAGTTGTGTGAAATAGCT
PB02_C04	TCAATGTGGTCGTGTGGAACAAAC	GGACTGGTTATGCGCTTGATCTAA
PB02_D04	TCAATGTGGTCGTGTGGAACAAAC	AACGCTTTCGGACGGATAGGGTGT
PB02_E04	TCAATGTGGTCGTGTGGAACAAAC	CATGTACACTGCGTCTGTCCGAGA
PB02_F04	TCAATGTGGTCGTGTGGAACAAAC	GTCTGATCTCTTAGGAACCCGGCG
PB02_G04	TCAATGTGGTCGTGTGGAACAAAC	ATGCCTGGCTCGTGTGGACTTTGG
PB02_H04	TCAATGTGGTCGTGTGGAACAAAC	GAGGTAGATAACAGCTTTGAAACG
PB02_A05	TCAATGTGGTCGTGTGGAACAAAC	GGACGATAGTCTTCATCGTAGGGT
PB02_B05	TCAATGTGGTCGTGTGGAACAAAC	CGGAATTACGAGAGGGACGAAGAG
PB02_C05	TCAATGTGGTCGTGTGGAACAAAC	TCGCACTGCTGGACATTATACTTT
PB02_D05	TCAATGTGGTCGTGTGGAACAAAC	CTGCGGCCAGACATTTGCCTTGTC
PB02_E05	TCAATGTGGTCGTGTGGAACAAAC	CACTCTCGTTGTGAAAGTTAGACG
PB02_F05	TCAATGTGGTCGTGTGGAACAAAC	GTATGGCTCTATTATCAGATGTCG
PB02_G05	TCAATGTGGTCGTGTGGAACAAAC	GCTTGCATAGCTGGAATTGTCTAG
PB02_H05	TCAATGTGGTCGTGTGGAACAAAC	CTCTATGGTACTCTTCTACTCCTC
PB02_A06	TCAATGTGGTCGTGTGGAACAAAC	GAACTCGTCCTTTACTACTTCGCG
PB02_B06	TCAATGTGGTCGTGTGGAACAAAC	TATCCGTGGTCTGGATGCGATGCT
PB02_C06	TCAATGTGGTCGTGTGGAACAAAC	CCCGCCTATGGATAAAGTACAGCA
PB02_D06	TCAATGTGGTCGTGTGGAACAAAC	ACAATTGCGCTCAATCCGACGTGA
PB02_E06	TCAATGTGGTCGTGTGGAACAAAC	TAGTTGCGCCCGTAGCTCTCATGG
PB02_F06	TCAATGTGGTCGTGTGGAACAAAC	CGCAGACACTCGGCCGAATCATCA
PB02_G06	TCAATGTGGTCGTGTGGAACAAAC	TAGAGATCGCCTACCGAGGACAAG
PB02_H06	TCAATGTGGTCGTGTGGAACAAAC	AGTTCAACGACTATTATAGAGCGG
PB02_A07	TCAATGTGGTCGTGTGGAACAAAC	ACGTAATGCTCACAGGGTGTGCGG
PB02_B07	TCAATGTGGTCGTGTGGAACAAAC	GCATTCACGGTTTATGCGTTTAAC
PB02_C07	TCAATGTGGTCGTGTGGAACAAAC	TAACCGCGGAGGATGTGAATCTTA
PB02_D07	TCAATGTGGTCGTGTGGAACAAAC	TCAGGACCCGCCAGGAGATACCAT
PB02_E07	TCAATGTGGTCGTGTGGAACAAAC	TGTGCCCGCACGTATTTACCTCGA
PB02_F07	TCAATGTGGTCGTGTGGAACAAAC	AGCGCGCTATTAACACTTTAGTGA
PB02_G07	TCAATGTGGTCGTGTGGAACAAAC	GACATGATTGGCTAAATAGCTACC
PB02_H07	TCAATGTGGTCGTGTGGAACAAAC	TGGCCAATGAACCGTACCAAGTGA
PB02_A08	TCAATGTGGTCGTGTGGAACAAAC	TCAACGGCTACCGACTAATTATCG
PB02_B08	TCAATGTGGTCGTGTGGAACAAAC	GGCTAATCATTCACAGTCAGAAAC
PB02_C08	TCAATGTGGTCGTGTGGAACAAAC	ATATAGGTCCAACAACGTTCCGAC
PB02_D08	TCAATGTGGTCGTGTGGAACAAAC	TGGAATCCTAACGGTAGGCATATA
PB02_E08	TCAATGTGGTCGTGTGGAACAAAC	AAAGGGCCAAGTACCCGGAAACAT
PB02_F08	TCAATGTGGTCGTGTGGAACAAAC	CCGATATCTCCGAATGTTTGACGA
PB02_G08	TCAATGTGGTCGTGTGGAACAAAC	GGCCAGTTGGCCATTATGGACTCT
PB02_H08	TCAATGTGGTCGTGTGGAACAAAC	TGGTTTAAACTTAGCACGCTCCCT
PB02_A09	TCAATGTGGTCGTGTGGAACAAAC	CTGTATGTCCATAACGTCCGTCGA
PB02_B09	TCAATGTGGTCGTGTGGAACAAAC	GACTATCTAGGCTCAACACTAGGA
PB02_C09	TCAATGTGGTCGTGTGGAACAAAC	GCACGATCCGGCTTCTCATTCAGA
PB02_D09	TCAATGTGGTCGTGTGGAACAAAC	GACCGTATACTCCTTGTAGATACG
PB02_E09	TCAATGTGGTCGTGTGGAACAAAC	TGACCAGTTATACACCGGTGGTGC
PB02_F09	TCAATGTGGTCGTGTGGAACAAAC	GGAGACGCTGTAGATTTACATAAG
PB02_G09	TCAATGTGGTCGTGTGGAACAAAC	CACTCTCACGACGAAGGCGAGTCA
PB02_H09	TCAATGTGGTCGTGTGGAACAAAC	ACGGCGGATACTTCGGAAAGGAGA
PB02_A10	TCAATGTGGTCGTGTGGAACAAAC	TCCTGACTTGTCGTACGATTCGTA
PB02_B10	TCAATGTGGTCGTGTGGAACAAAC	GGACGTGCTTTCTTCACGGCGTGT
PB02_C10	TCAATGTGGTCGTGTGGAACAAAC	AAGCGAAACCATGTTTAGCTGGTG
PB02_D10	TCAATGTGGTCGTGTGGAACAAAC	CAGGTTGTGACCAATGGACCGCAG
PB02_E10	TCAATGTGGTCGTGTGGAACAAAC	GGGTGGATATCATCCGCGACTGTA
PB02_F10	TCAATGTGGTCGTGTGGAACAAAC	GTTGCTGGAAGGTCGTCCGGAATA
PB02_G10	TCAATGTGGTCGTGTGGAACAAAC	GCCCAAAGCTAGTCCCGAGTTAGC
PB02_H10	TCAATGTGGTCGTGTGGAACAAAC	TAAAGAGCGTGGTCTCATGCCGCG
PB02_A11	TCAATGTGGTCGTGTGGAACAAAC	GTTGAGCATGTGCCACACAATCCC
PB02_B11	TCAATGTGGTCGTGTGGAACAAAC	ACATGGAGGCACTTATGTTAGCGC
PB02_C11	TCAATGTGGTCGTGTGGAACAAAC	CGACAATGCAACGATGACAGTTTG
PB02_D11	TCAATGTGGTCGTGTGGAACAAAC	GCAGATTCGGTGAACATCTCAGTG
PB02_E11	TCAATGTGGTCGTGTGGAACAAAC	TCCGGGAACTTCTCGATGCCAACT
PB02_F11	TCAATGTGGTCGTGTGGAACAAAC	ATGGGTGACGCTTTCTTCAGATCG
PB02_G11	TCAATGTGGTCGTGTGGAACAAAC	CAAGAACACCATATACTTGGTCGG
PB02_H11	TCAATGTGGTCGTGTGGAACAAAC	CGATCGCCCGTCAATTAGGATCGC
PB02_A12	TCAATGTGGTCGTGTGGAACAAAC	AGAACGGAACCCTTCTCTTATACA
PB02_B12	TCAATGTGGTCGTGTGGAACAAAC	TTTATATCGACTGTCGCCGATGCG
PB02_C12	TCAATGTGGTCGTGTGGAACAAAC	CTTGAACCCAGCAATTAGGGCGCG
PB02_D12	TCAATGTGGTCGTGTGGAACAAAC	GCGAGATATACAGTGGGCCGATAC
PB02_E12	TCAATGTGGTCGTGTGGAACAAAC	TATAGTCCGTCAACTTAGGAGAGA
PB02_F12	TCAATGTGGTCGTGTGGAACAAAC	GATTCTCCGTGGTCCATATGCGGT
PB02_G12	TCAATGTGGTCGTGTGGAACAAAC	AACACGATACTGGTATGGTGCGGA
PB02_H12	TCAATGTGGTCGTGTGGAACAAAC	ATCTCTTAGGATCCAGAGAAGCCG
PB03_A01	GCCACTGGAGACTGGGTTAACCAT	CACTTTCGGGAACACGCACAGACG
PB03_B01	GCCACTGGAGACTGGGTTAACCAT	AGACACACTCTTCAAGTCGTGTTA
PB03_C01	GCCACTGGAGACTGGGTTAACCAT	AAAGGAGTAGGATTAACGTCGAGG
PB03_D01	GCCACTGGAGACTGGGTTAACCAT	ATTGATTCCCGCTTATGTGCGTCT
PB03_E01	GCCACTGGAGACTGGGTTAACCAT	GCCGCTTATACGCATAATCTGCAT
PB03_F01	GCCACTGGAGACTGGGTTAACCAT	CCAATCTCAGAAGCTATGTAGCCT
PB03_G01	GCCACTGGAGACTGGGTTAACCAT	ATTGTTGCATCGTAGGCACCGTCG
PB03_H01	GCCACTGGAGACTGGGTTAACCAT	ATGAAGGATTCATCGGCTTAGCTG
PB03_A02	GCCACTGGAGACTGGGTTAACCAT	TAGGTCGTTCAGGTTCGCGCGACT
PB03_B02	GCCACTGGAGACTGGGTTAACCAT	CGGTTTCCGTTAAGTTGCAGTCGT
PB03_C02	GCCACTGGAGACTGGGTTAACCAT	ATCCAGGTAATGATACCCATTGAC
PB03_D02	GCCACTGGAGACTGGGTTAACCAT	GTTCTCTGCATATTGTTTCTAGCG
PB03_E02	GCCACTGGAGACTGGGTTAACCAT	GGTCGACACCTACCTTAGGTCCAA
PB03_F02	GCCACTGGAGACTGGGTTAACCAT	GAATACAAGGGCTGAGTATTGCTA
PB03_G02	GCCACTGGAGACTGGGTTAACCAT	CACCCACGCATATAAGTGGGCACG
PB03_H02	GCCACTGGAGACTGGGTTAACCAT	CAGCCATGCAGAGACCCGTGAAAG
PB03_A03	GCCACTGGAGACTGGGTTAACCAT	TCTTCTGGGTGAACCCAGCCATAT
PB03_B03	GCCACTGGAGACTGGGTTAACCAT	TGGCGTTCTGCCAAATCGGAACCG
PB03_C03	GCCACTGGAGACTGGGTTAACCAT	TTACTACATTTACCGACCGCGCTC
PB03_D03	GCCACTGGAGACTGGGTTAACCAT	TCTTCCCGTTTACGTGATTCTCTA
PB03_E03	GCCACTGGAGACTGGGTTAACCAT	CTACCAAGATCATTGTACTGAGCA
PB03_F03	GCCACTGGAGACTGGGTTAACCAT	ACTGGGACCACTCATGAGAACGAC
PB03_G03	GCCACTGGAGACTGGGTTAACCAT	GATAGGTGCCGTCATCGGTGCAGT
PB03_H03	GCCACTGGAGACTGGGTTAACCAT	ATCGGTATCCAAATGTGCTACTTC
PB03_A04	GCCACTGGAGACTGGGTTAACCAT	CATCTCTTAGCTGTAGTAATCCGG
PB03_B04	GCCACTGGAGACTGGGTTAACCAT	TCAGTCCAGTTGTGTGAAATAGCT
PB03_C04	GCCACTGGAGACTGGGTTAACCAT	GGACTGGTTATGCGCTTGATCTAA
PB03_D04	GCCACTGGAGACTGGGTTAACCAT	AACGCTTTCGGACGGATAGGGTGT
PB03_E04	GCCACTGGAGACTGGGTTAACCAT	CATGTACACTGCGTCTGTCCGAGA
PB03_F04	GCCACTGGAGACTGGGTTAACCAT	GTCTGATCTCTTAGGAACCCGGCG
PB03_G04	GCCACTGGAGACTGGGTTAACCAT	ATGCCTGGCTCGTGTGGACTTTGG
PB03_H04	GCCACTGGAGACTGGGTTAACCAT	GAGGTAGATAACAGCTTTGAAACG
PB03_A05	GCCACTGGAGACTGGGTTAACCAT	GGACGATAGTCTTCATCGTAGGGT
PB03_B05	GCCACTGGAGACTGGGTTAACCAT	CGGAATTACGAGAGGGACGAAGAG
PB03_C05	GCCACTGGAGACTGGGTTAACCAT	TCGCACTGCTGGACATTATACTTT
PB03_D05	GCCACTGGAGACTGGGTTAACCAT	CTGCGGCCAGACATTTGCCTTGTC
PB03_E05	GCCACTGGAGACTGGGTTAACCAT	CACTCTCGTTGTGAAAGTTAGACG
PB03_F05	GCCACTGGAGACTGGGTTAACCAT	GTATGGCTCTATTATCAGATGTCG
PB03_G05	GCCACTGGAGACTGGGTTAACCAT	GCTTGCATAGCTGGAATTGTCTAG
PB03_H05	GCCACTGGAGACTGGGTTAACCAT	CTCTATGGTACTCTTCTACTCCTC
PB03_A06	GCCACTGGAGACTGGGTTAACCAT	GAACTCGTCCTTTACTACTTCGCG
PB03_B06	GCCACTGGAGACTGGGTTAACCAT	TATCCGTGGTCTGGATGCGATGCT
PB03_C06	GCCACTGGAGACTGGGTTAACCAT	CCCGCCTATGGATAAAGTACAGCA
PB03_D06	GCCACTGGAGACTGGGTTAACCAT	ACAATTGCGCTCAATCCGACGTGA
PB03_E06	GCCACTGGAGACTGGGTTAACCAT	TAGTTGCGCCCGTAGCTCTCATGG
PB03_F06	GCCACTGGAGACTGGGTTAACCAT	CGCAGACACTCGGCCGAATCATCA
PB03_G06	GCCACTGGAGACTGGGTTAACCAT	TAGAGATCGCCTACCGAGGACAAG
PB03_H06	GCCACTGGAGACTGGGTTAACCAT	AGTTCAACGACTATTATAGAGCGG
PB03_A07	GCCACTGGAGACTGGGTTAACCAT	ACGTAATGCTCACAGGGTGTGCGG
PB03_B07	GCCACTGGAGACTGGGTTAACCAT	GCATTCACGGTTTATGCGTTTAAC
PB03_C07	GCCACTGGAGACTGGGTTAACCAT	TAACCGCGGAGGATGTGAATCTTA
PB03_D07	GCCACTGGAGACTGGGTTAACCAT	TCAGGACCCGCCAGGAGATACCAT
PB03_E07	GCCACTGGAGACTGGGTTAACCAT	TGTGCCCGCACGTATTTACCTCGA
PB03_F07	GCCACTGGAGACTGGGTTAACCAT	AGCGCGCTATTAACACTTTAGTGA
PB03_G07	GCCACTGGAGACTGGGTTAACCAT	GACATGATTGGCTAAATAGCTACC
PB03_H07	GCCACTGGAGACTGGGTTAACCAT	TGGCCAATGAACCGTACCAAGTGA
PB03_A08	GCCACTGGAGACTGGGTTAACCAT	TCAACGGCTACCGACTAATTATCG
PB03_B08	GCCACTGGAGACTGGGTTAACCAT	GGCTAATCATTCACAGTCAGAAAC
PB03_C08	GCCACTGGAGACTGGGTTAACCAT	ATATAGGTCCAACAACGTTCCGAC
PB03_D08	GCCACTGGAGACTGGGTTAACCAT	TGGAATCCTAACGGTAGGCATATA
PB03_E08	GCCACTGGAGACTGGGTTAACCAT	AAAGGGCCAAGTACCCGGAAACAT
PB03_F08	GCCACTGGAGACTGGGTTAACCAT	CCGATATCTCCGAATGTTTGACGA
PB03_G08	GCCACTGGAGACTGGGTTAACCAT	GGCCAGTTGGCCATTATGGACTCT
PB03_H08	GCCACTGGAGACTGGGTTAACCAT	TGGTTTAAACTTAGCACGCTCCCT
PB03_A09	GCCACTGGAGACTGGGTTAACCAT	CTGTATGTCCATAACGTCCGTCGA
PB03_B09	GCCACTGGAGACTGGGTTAACCAT	GACTATCTAGGCTCAACACTAGGA
PB03_C09	GCCACTGGAGACTGGGTTAACCAT	GCACGATCCGGCTTCTCATTCAGA
PB03_D09	GCCACTGGAGACTGGGTTAACCAT	GACCGTATACTCCTTGTAGATACG
PB03_E09	GCCACTGGAGACTGGGTTAACCAT	TGACCAGTTATACACCGGTGGTGC
PB03_F09	GCCACTGGAGACTGGGTTAACCAT	GGAGACGCTGTAGATTTACATAAG
PB03_G09	GCCACTGGAGACTGGGTTAACCAT	CACTCTCACGACGAAGGCGAGTCA
PB03_H09	GCCACTGGAGACTGGGTTAACCAT	ACGGCGGATACTTCGGAAAGGAGA
PB03_A10	GCCACTGGAGACTGGGTTAACCAT	TCCTGACTTGTCGTACGATTCGTA
PB03_B10	GCCACTGGAGACTGGGTTAACCAT	GGACGTGCTTTCTTCACGGCGTGT
PB03_C10	GCCACTGGAGACTGGGTTAACCAT	AAGCGAAACCATGTTTAGCTGGTG
PB03_D10	GCCACTGGAGACTGGGTTAACCAT	CAGGTTGTGACCAATGGACCGCAG
PB03_E10	GCCACTGGAGACTGGGTTAACCAT	GGGTGGATATCATCCGCGACTGTA
PB03_F10	GCCACTGGAGACTGGGTTAACCAT	GTTGCTGGAAGGTCGTCCGGAATA
PB03_G10	GCCACTGGAGACTGGGTTAACCAT	GCCCAAAGCTAGTCCCGAGTTAGC
PB03_H10	GCCACTGGAGACTGGGTTAACCAT	TAAAGAGCGTGGTCTCATGCCGCG
PB03_A11	GCCACTGGAGACTGGGTTAACCAT	GTTGAGCATGTGCCACACAATCCC
PB03_B11	GCCACTGGAGACTGGGTTAACCAT	ACATGGAGGCACTTATGTTAGCGC
PB03_C11	GCCACTGGAGACTGGGTTAACCAT	CGACAATGCAACGATGACAGTTTG
PB03_D11	GCCACTGGAGACTGGGTTAACCAT	GCAGATTCGGTGAACATCTCAGTG
PB03_E11	GCCACTGGAGACTGGGTTAACCAT	TCCGGGAACTTCTCGATGCCAACT
PB03_F11	GCCACTGGAGACTGGGTTAACCAT	ATGGGTGACGCTTTCTTCAGATCG
PB03_G11	GCCACTGGAGACTGGGTTAACCAT	CAAGAACACCATATACTTGGTCGG
PB03_H11	GCCACTGGAGACTGGGTTAACCAT	CGATCGCCCGTCAATTAGGATCGC
PB03_A12	GCCACTGGAGACTGGGTTAACCAT	AGAACGGAACCCTTCTCTTATACA
PB03_B12	GCCACTGGAGACTGGGTTAACCAT	TTTATATCGACTGTCGCCGATGCG
PB03_C12	GCCACTGGAGACTGGGTTAACCAT	CTTGAACCCAGCAATTAGGGCGCG
PB03_D12	GCCACTGGAGACTGGGTTAACCAT	GCGAGATATACAGTGGGCCGATAC
PB03_E12	GCCACTGGAGACTGGGTTAACCAT	TATAGTCCGTCAACTTAGGAGAGA
PB03_F12	GCCACTGGAGACTGGGTTAACCAT	GATTCTCCGTGGTCCATATGCGGT
PB03_G12	GCCACTGGAGACTGGGTTAACCAT	AACACGATACTGGTATGGTGCGGA
PB03_H12	GCCACTGGAGACTGGGTTAACCAT	ATCTCTTAGGATCCAGAGAAGCCG
PB04_A01	TCGCTCCAGCGTCATGAAAGTCAC	CACTTTCGGGAACACGCACAGACG
PB04_B01	TCGCTCCAGCGTCATGAAAGTCAC	AGACACACTCTTCAAGTCGTGTTA
PB04_C01	TCGCTCCAGCGTCATGAAAGTCAC	AAAGGAGTAGGATTAACGTCGAGG
PB04_D01	TCGCTCCAGCGTCATGAAAGTCAC	ATTGATTCCCGCTTATGTGCGTCT
PB04_E01	TCGCTCCAGCGTCATGAAAGTCAC	GCCGCTTATACGCATAATCTGCAT
PB04_F01	TCGCTCCAGCGTCATGAAAGTCAC	CCAATCTCAGAAGCTATGTAGCCT
PB04_G01	TCGCTCCAGCGTCATGAAAGTCAC	ATTGTTGCATCGTAGGCACCGTCG
PB04_H01	TCGCTCCAGCGTCATGAAAGTCAC	ATGAAGGATTCATCGGCTTAGCTG
PB04_A02	TCGCTCCAGCGTCATGAAAGTCAC	TAGGTCGTTCAGGTTCGCGCGACT
PB04_B02	TCGCTCCAGCGTCATGAAAGTCAC	CGGTTTCCGTTAAGTTGCAGTCGT
PB04_C02	TCGCTCCAGCGTCATGAAAGTCAC	ATCCAGGTAATGATACCCATTGAC
PB04_D02	TCGCTCCAGCGTCATGAAAGTCAC	GTTCTCTGCATATTGTTTCTAGCG
PB04_E02	TCGCTCCAGCGTCATGAAAGTCAC	GGTCGACACCTACCTTAGGTCCAA
PB04_F02	TCGCTCCAGCGTCATGAAAGTCAC	GAATACAAGGGCTGAGTATTGCTA
PB04_G02	TCGCTCCAGCGTCATGAAAGTCAC	CACCCACGCATATAAGTGGGCACG
PB04_H02	TCGCTCCAGCGTCATGAAAGTCAC	CAGCCATGCAGAGACCCGTGAAAG
PB04_A03	TCGCTCCAGCGTCATGAAAGTCAC	TCTTCTGGGTGAACCCAGCCATAT
PB04_B03	TCGCTCCAGCGTCATGAAAGTCAC	TGGCGTTCTGCCAAATCGGAACCG
PB04_C03	TCGCTCCAGCGTCATGAAAGTCAC	TTACTACATTTACCGACCGCGCTC
PB04_D03	TCGCTCCAGCGTCATGAAAGTCAC	TCTTCCCGTTTACGTGATTCTCTA
PB04_E03	TCGCTCCAGCGTCATGAAAGTCAC	CTACCAAGATCATTGTACTGAGCA
PB04_F03	TCGCTCCAGCGTCATGAAAGTCAC	ACTGGGACCACTCATGAGAACGAC
PB04_G03	TCGCTCCAGCGTCATGAAAGTCAC	GATAGGTGCCGTCATCGGTGCAGT
PB04_H03	TCGCTCCAGCGTCATGAAAGTCAC	ATCGGTATCCAAATGTGCTACTTC
PB04_A04	TCGCTCCAGCGTCATGAAAGTCAC	CATCTCTTAGCTGTAGTAATCCGG
PB04_B04	TCGCTCCAGCGTCATGAAAGTCAC	TCAGTCCAGTTGTGTGAAATAGCT
PB04_C04	TCGCTCCAGCGTCATGAAAGTCAC	GGACTGGTTATGCGCTTGATCTAA
PB04_D04	TCGCTCCAGCGTCATGAAAGTCAC	AACGCTTTCGGACGGATAGGGTGT
PB04_E04	TCGCTCCAGCGTCATGAAAGTCAC	CATGTACACTGCGTCTGTCCGAGA
PB04_F04	TCGCTCCAGCGTCATGAAAGTCAC	GTCTGATCTCTTAGGAACCCGGCG
PB04_G04	TCGCTCCAGCGTCATGAAAGTCAC	ATGCCTGGCTCGTGTGGACTTTGG
PB04_H04	TCGCTCCAGCGTCATGAAAGTCAC	GAGGTAGATAACAGCTTTGAAACG
PB04_A05	TCGCTCCAGCGTCATGAAAGTCAC	GGACGATAGTCTTCATCGTAGGGT
PB04_B05	TCGCTCCAGCGTCATGAAAGTCAC	CGGAATTACGAGAGGGACGAAGAG
PB04_C05	TCGCTCCAGCGTCATGAAAGTCAC	TCGCACTGCTGGACATTATACTTT
PB04_D05	TCGCTCCAGCGTCATGAAAGTCAC	CTGCGGCCAGACATTTGCCTTGTC
PB04_E05	TCGCTCCAGCGTCATGAAAGTCAC	CACTCTCGTTGTGAAAGTTAGACG
PB04_F05	TCGCTCCAGCGTCATGAAAGTCAC	GTATGGCTCTATTATCAGATGTCG
PB04_G05	TCGCTCCAGCGTCATGAAAGTCAC	GCTTGCATAGCTGGAATTGTCTAG
PB04_H05	TCGCTCCAGCGTCATGAAAGTCAC	CTCTATGGTACTCTTCTACTCCTC
PB04_A06	TCGCTCCAGCGTCATGAAAGTCAC	GAACTCGTCCTTTACTACTTCGCG
PB04_B06	TCGCTCCAGCGTCATGAAAGTCAC	TATCCGTGGTCTGGATGCGATGCT
PB04_C06	TCGCTCCAGCGTCATGAAAGTCAC	CCCGCCTATGGATAAAGTACAGCA
PB04_D06	TCGCTCCAGCGTCATGAAAGTCAC	ACAATTGCGCTCAATCCGACGTGA
PB04_E06	TCGCTCCAGCGTCATGAAAGTCAC	TAGTTGCGCCCGTAGCTCTCATGG
PB04_F06	TCGCTCCAGCGTCATGAAAGTCAC	CGCAGACACTCGGCCGAATCATCA
PB04_G06	TCGCTCCAGCGTCATGAAAGTCAC	TAGAGATCGCCTACCGAGGACAAG
PB04_H06	TCGCTCCAGCGTCATGAAAGTCAC	AGTTCAACGACTATTATAGAGCGG
PB04_A07	TCGCTCCAGCGTCATGAAAGTCAC	ACGTAATGCTCACAGGGTGTGCGG
PB04_B07	TCGCTCCAGCGTCATGAAAGTCAC	GCATTCACGGTTTATGCGTTTAAC
PB04_C07	TCGCTCCAGCGTCATGAAAGTCAC	TAACCGCGGAGGATGTGAATCTTA
PB04_D07	TCGCTCCAGCGTCATGAAAGTCAC	TCAGGACCCGCCAGGAGATACCAT
PB04_E07	TCGCTCCAGCGTCATGAAAGTCAC	TGTGCCCGCACGTATTTACCTCGA
PB04_F07	TCGCTCCAGCGTCATGAAAGTCAC	AGCGCGCTATTAACACTTTAGTGA
PB04_G07	TCGCTCCAGCGTCATGAAAGTCAC	GACATGATTGGCTAAATAGCTACC
PB04_H07	TCGCTCCAGCGTCATGAAAGTCAC	TGGCCAATGAACCGTACCAAGTGA
PB04_A08	TCGCTCCAGCGTCATGAAAGTCAC	TCAACGGCTACCGACTAATTATCG
PB04_B08	TCGCTCCAGCGTCATGAAAGTCAC	GGCTAATCATTCACAGTCAGAAAC
PB04_C08	TCGCTCCAGCGTCATGAAAGTCAC	ATATAGGTCCAACAACGTTCCGAC
PB04_D08	TCGCTCCAGCGTCATGAAAGTCAC	TGGAATCCTAACGGTAGGCATATA
PB04_E08	TCGCTCCAGCGTCATGAAAGTCAC	AAAGGGCCAAGTACCCGGAAACAT
PB04_F08	TCGCTCCAGCGTCATGAAAGTCAC	CCGATATCTCCGAATGTTTGACGA
PB04_G08	TCGCTCCAGCGTCATGAAAGTCAC	GGCCAGTTGGCCATTATGGACTCT
PB04_H08	TCGCTCCAGCGTCATGAAAGTCAC	TGGTTTAAACTTAGCACGCTCCCT
PB04_A09	TCGCTCCAGCGTCATGAAAGTCAC	CTGTATGTCCATAACGTCCGTCGA
PB04_B09	TCGCTCCAGCGTCATGAAAGTCAC	GACTATCTAGGCTCAACACTAGGA
PB04_C09	TCGCTCCAGCGTCATGAAAGTCAC	GCACGATCCGGCTTCTCATTCAGA
PB04_D09	TCGCTCCAGCGTCATGAAAGTCAC	GACCGTATACTCCTTGTAGATACG
PB04_E09	TCGCTCCAGCGTCATGAAAGTCAC	TGACCAGTTATACACCGGTGGTGC
PB04_F09	TCGCTCCAGCGTCATGAAAGTCAC	GGAGACGCTGTAGATTTACATAAG
PB04_G09	TCGCTCCAGCGTCATGAAAGTCAC	CACTCTCACGACGAAGGCGAGTCA
PB04_H09	TCGCTCCAGCGTCATGAAAGTCAC	ACGGCGGATACTTCGGAAAGGAGA
PB04_A10	TCGCTCCAGCGTCATGAAAGTCAC	TCCTGACTTGTCGTACGATTCGTA
PB04_B10	TCGCTCCAGCGTCATGAAAGTCAC	GGACGTGCTTTCTTCACGGCGTGT
PB04_C10	TCGCTCCAGCGTCATGAAAGTCAC	AAGCGAAACCATGTTTAGCTGGTG
PB04_D10	TCGCTCCAGCGTCATGAAAGTCAC	CAGGTTGTGACCAATGGACCGCAG
PB04_E10	TCGCTCCAGCGTCATGAAAGTCAC	GGGTGGATATCATCCGCGACTGTA
PB04_F10	TCGCTCCAGCGTCATGAAAGTCAC	GTTGCTGGAAGGTCGTCCGGAATA
PB04_G10	TCGCTCCAGCGTCATGAAAGTCAC	GCCCAAAGCTAGTCCCGAGTTAGC
PB04_H10	TCGCTCCAGCGTCATGAAAGTCAC	TAAAGAGCGTGGTCTCATGCCGCG
PB04_A11	TCGCTCCAGCGTCATGAAAGTCAC	GTTGAGCATGTGCCACACAATCCC
PB04_B11	TCGCTCCAGCGTCATGAAAGTCAC	ACATGGAGGCACTTATGTTAGCGC
PB04_C11	TCGCTCCAGCGTCATGAAAGTCAC	CGACAATGCAACGATGACAGTTTG
PB04_D11	TCGCTCCAGCGTCATGAAAGTCAC	GCAGATTCGGTGAACATCTCAGTG
PB04_E11	TCGCTCCAGCGTCATGAAAGTCAC	TCCGGGAACTTCTCGATGCCAACT
PB04_F11	TCGCTCCAGCGTCATGAAAGTCAC	ATGGGTGACGCTTTCTTCAGATCG
PB04_G11	TCGCTCCAGCGTCATGAAAGTCAC	CAAGAACACCATATACTTGGTCGG
PB04_H11	TCGCTCCAGCGTCATGAAAGTCAC	CGATCGCCCGTCAATTAGGATCGC
PB04_A12	TCGCTCCAGCGTCATGAAAGTCAC	AGAACGGAACCCTTCTCTTATACA
PB04_B12	TCGCTCCAGCGTCATGAAAGTCAC	TTTATATCGACTGTCGCCGATGCG
PB04_C12	TCGCTCCAGCGTCATGAAAGTCAC	CTTGAACCCAGCAATTAGGGCGCG
PB04_D12	TCGCTCCAGCGTCATGAAAGTCAC	GCGAGATATACAGTGGGCCGATAC
PB04_E12	TCGCTCCAGCGTCATGAAAGTCAC	TATAGTCCGTCAACTTAGGAGAGA
PB04_F12	TCGCTCCAGCGTCATGAAAGTCAC	GATTCTCCGTGGTCCATATGCGGT
PB04_G12	TCGCTCCAGCGTCATGAAAGTCAC	AACACGATACTGGTATGGTGCGGA
PB04_H12	TCGCTCCAGCGTCATGAAAGTCAC	ATCTCTTAGGATCCAGAGAAGCCG
PB05_A01	TGTTAGGGCGACCTTCGATTCGGA	CACTTTCGGGAACACGCACAGACG
PB05_B01	TGTTAGGGCGACCTTCGATTCGGA	AGACACACTCTTCAAGTCGTGTTA
PB05_C01	TGTTAGGGCGACCTTCGATTCGGA	AAAGGAGTAGGATTAACGTCGAGG
PB05_D01	TGTTAGGGCGACCTTCGATTCGGA	ATTGATTCCCGCTTATGTGCGTCT
PB05_E01	TGTTAGGGCGACCTTCGATTCGGA	GCCGCTTATACGCATAATCTGCAT
PB05_F01	TGTTAGGGCGACCTTCGATTCGGA	CCAATCTCAGAAGCTATGTAGCCT
PB05_G01	TGTTAGGGCGACCTTCGATTCGGA	ATTGTTGCATCGTAGGCACCGTCG
PB05_H01	TGTTAGGGCGACCTTCGATTCGGA	ATGAAGGATTCATCGGCTTAGCTG
PB05_A02	TGTTAGGGCGACCTTCGATTCGGA	TAGGTCGTTCAGGTTCGCGCGACT
PB05_B02	TGTTAGGGCGACCTTCGATTCGGA	CGGTTTCCGTTAAGTTGCAGTCGT
PB05_C02	TGTTAGGGCGACCTTCGATTCGGA	ATCCAGGTAATGATACCCATTGAC
PB05_D02	TGTTAGGGCGACCTTCGATTCGGA	GTTCTCTGCATATTGTTTCTAGCG
PB05_E02	TGTTAGGGCGACCTTCGATTCGGA	GGTCGACACCTACCTTAGGTCCAA
PB05_F02	TGTTAGGGCGACCTTCGATTCGGA	GAATACAAGGGCTGAGTATTGCTA
PB05_G02	TGTTAGGGCGACCTTCGATTCGGA	CACCCACGCATATAAGTGGGCACG
PB05_H02	TGTTAGGGCGACCTTCGATTCGGA	CAGCCATGCAGAGACCCGTGAAAG
PB05_A03	TGTTAGGGCGACCTTCGATTCGGA	TCTTCTGGGTGAACCCAGCCATAT
PB05_B03	TGTTAGGGCGACCTTCGATTCGGA	TGGCGTTCTGCCAAATCGGAACCG
PB05_C03	TGTTAGGGCGACCTTCGATTCGGA	TTACTACATTTACCGACCGCGCTC
PB05_D03	TGTTAGGGCGACCTTCGATTCGGA	TCTTCCCGTTTACGTGATTCTCTA
PB05_E03	TGTTAGGGCGACCTTCGATTCGGA	CTACCAAGATCATTGTACTGAGCA
PB05_F03	TGTTAGGGCGACCTTCGATTCGGA	ACTGGGACCACTCATGAGAACGAC
PB05_G03	TGTTAGGGCGACCTTCGATTCGGA	GATAGGTGCCGTCATCGGTGCAGT
PB05_H03	TGTTAGGGCGACCTTCGATTCGGA	ATCGGTATCCAAATGTGCTACTTC
PB05_A04	TGTTAGGGCGACCTTCGATTCGGA	CATCTCTTAGCTGTAGTAATCCGG
PB05_B04	TGTTAGGGCGACCTTCGATTCGGA	TCAGTCCAGTTGTGTGAAATAGCT
PB05_C04	TGTTAGGGCGACCTTCGATTCGGA	GGACTGGTTATGCGCTTGATCTAA
PB05_D04	TGTTAGGGCGACCTTCGATTCGGA	AACGCTTTCGGACGGATAGGGTGT
PB05_E04	TGTTAGGGCGACCTTCGATTCGGA	CATGTACACTGCGTCTGTCCGAGA
PB05_F04	TGTTAGGGCGACCTTCGATTCGGA	GTCTGATCTCTTAGGAACCCGGCG
PB05_G04	TGTTAGGGCGACCTTCGATTCGGA	ATGCCTGGCTCGTGTGGACTTTGG
PB05_H04	TGTTAGGGCGACCTTCGATTCGGA	GAGGTAGATAACAGCTTTGAAACG
PB05_A05	TGTTAGGGCGACCTTCGATTCGGA	GGACGATAGTCTTCATCGTAGGGT
PB05_B05	TGTTAGGGCGACCTTCGATTCGGA	CGGAATTACGAGAGGGACGAAGAG
PB05_C05	TGTTAGGGCGACCTTCGATTCGGA	TCGCACTGCTGGACATTATACTTT
PB05_D05	TGTTAGGGCGACCTTCGATTCGGA	CTGCGGCCAGACATTTGCCTTGTC
PB05_E05	TGTTAGGGCGACCTTCGATTCGGA	CACTCTCGTTGTGAAAGTTAGACG
PB05_F05	TGTTAGGGCGACCTTCGATTCGGA	GTATGGCTCTATTATCAGATGTCG
PB05_G05	TGTTAGGGCGACCTTCGATTCGGA	GCTTGCATAGCTGGAATTGTCTAG
PB05_H05	TGTTAGGGCGACCTTCGATTCGGA	CTCTATGGTACTCTTCTACTCCTC
PB05_A06	TGTTAGGGCGACCTTCGATTCGGA	GAACTCGTCCTTTACTACTTCGCG
PB05_B06	TGTTAGGGCGACCTTCGATTCGGA	TATCCGTGGTCTGGATGCGATGCT
PB05_C06	TGTTAGGGCGACCTTCGATTCGGA	CCCGCCTATGGATAAAGTACAGCA
PB05_D06	TGTTAGGGCGACCTTCGATTCGGA	ACAATTGCGCTCAATCCGACGTGA
PB05_E06	TGTTAGGGCGACCTTCGATTCGGA	TAGTTGCGCCCGTAGCTCTCATGG
PB05_F06	TGTTAGGGCGACCTTCGATTCGGA	CGCAGACACTCGGCCGAATCATCA
PB05_G06	TGTTAGGGCGACCTTCGATTCGGA	TAGAGATCGCCTACCGAGGACAAG
PB05_H06	TGTTAGGGCGACCTTCGATTCGGA	AGTTCAACGACTATTATAGAGCGG
PB05_A07	TGTTAGGGCGACCTTCGATTCGGA	ACGTAATGCTCACAGGGTGTGCGG
PB05_B07	TGTTAGGGCGACCTTCGATTCGGA	GCATTCACGGTTTATGCGTTTAAC
PB05_C07	TGTTAGGGCGACCTTCGATTCGGA	TAACCGCGGAGGATGTGAATCTTA
PB05_D07	TGTTAGGGCGACCTTCGATTCGGA	TCAGGACCCGCCAGGAGATACCAT
PB05_E07	TGTTAGGGCGACCTTCGATTCGGA	TGTGCCCGCACGTATTTACCTCGA
PB05_F07	TGTTAGGGCGACCTTCGATTCGGA	AGCGCGCTATTAACACTTTAGTGA
PB05_G07	TGTTAGGGCGACCTTCGATTCGGA	GACATGATTGGCTAAATAGCTACC
PB05_H07	TGTTAGGGCGACCTTCGATTCGGA	TGGCCAATGAACCGTACCAAGTGA
PB05_A08	TGTTAGGGCGACCTTCGATTCGGA	TCAACGGCTACCGACTAATTATCG
PB05_B08	TGTTAGGGCGACCTTCGATTCGGA	GGCTAATCATTCACAGTCAGAAAC
PB05_C08	TGTTAGGGCGACCTTCGATTCGGA	ATATAGGTCCAACAACGTTCCGAC
PB05_D08	TGTTAGGGCGACCTTCGATTCGGA	TGGAATCCTAACGGTAGGCATATA
PB05_E08	TGTTAGGGCGACCTTCGATTCGGA	AAAGGGCCAAGTACCCGGAAACAT
PB05_F08	TGTTAGGGCGACCTTCGATTCGGA	CCGATATCTCCGAATGTTTGACGA
PB05_G08	TGTTAGGGCGACCTTCGATTCGGA	GGCCAGTTGGCCATTATGGACTCT
PB05_H08	TGTTAGGGCGACCTTCGATTCGGA	TGGTTTAAACTTAGCACGCTCCCT
PB05_A09	TGTTAGGGCGACCTTCGATTCGGA	CTGTATGTCCATAACGTCCGTCGA
PB05_B09	TGTTAGGGCGACCTTCGATTCGGA	GACTATCTAGGCTCAACACTAGGA
PB05_C09	TGTTAGGGCGACCTTCGATTCGGA	GCACGATCCGGCTTCTCATTCAGA
PB05_D09	TGTTAGGGCGACCTTCGATTCGGA	GACCGTATACTCCTTGTAGATACG
PB05_E09	TGTTAGGGCGACCTTCGATTCGGA	TGACCAGTTATACACCGGTGGTGC
PB05_F09	TGTTAGGGCGACCTTCGATTCGGA	GGAGACGCTGTAGATTTACATAAG
PB05_G09	TGTTAGGGCGACCTTCGATTCGGA	CACTCTCACGACGAAGGCGAGTCA
PB05_H09	TGTTAGGGCGACCTTCGATTCGGA	ACGGCGGATACTTCGGAAAGGAGA
PB05_A10	TGTTAGGGCGACCTTCGATTCGGA	TCCTGACTTGTCGTACGATTCGTA
PB05_B10	TGTTAGGGCGACCTTCGATTCGGA	GGACGTGCTTTCTTCACGGCGTGT
PB05_C10	TGTTAGGGCGACCTTCGATTCGGA	AAGCGAAACCATGTTTAGCTGGTG
PB05_D10	TGTTAGGGCGACCTTCGATTCGGA	CAGGTTGTGACCAATGGACCGCAG
PB05_E10	TGTTAGGGCGACCTTCGATTCGGA	GGGTGGATATCATCCGCGACTGTA
PB05_F10	TGTTAGGGCGACCTTCGATTCGGA	GTTGCTGGAAGGTCGTCCGGAATA
PB05_G10	TGTTAGGGCGACCTTCGATTCGGA	GCCCAAAGCTAGTCCCGAGTTAGC
PB05_H10	TGTTAGGGCGACCTTCGATTCGGA	TAAAGAGCGTGGTCTCATGCCGCG
PB05_A11	TGTTAGGGCGACCTTCGATTCGGA	GTTGAGCATGTGCCACACAATCCC
PB05_B11	TGTTAGGGCGACCTTCGATTCGGA	ACATGGAGGCACTTATGTTAGCGC
PB05_C11	TGTTAGGGCGACCTTCGATTCGGA	CGACAATGCAACGATGACAGTTTG
PB05_D11	TGTTAGGGCGACCTTCGATTCGGA	GCAGATTCGGTGAACATCTCAGTG
PB05_E11	TGTTAGGGCGACCTTCGATTCGGA	TCCGGGAACTTCTCGATGCCAACT
PB05_F11	TGTTAGGGCGACCTTCGATTCGGA	ATGGGTGACGCTTTCTTCAGATCG
PB05_G11	TGTTAGGGCGACCTTCGATTCGGA	CAAGAACACCATATACTTGGTCGG
PB05_H11	TGTTAGGGCGACCTTCGATTCGGA	CGATCGCCCGTCAATTAGGATCGC
PB05_A12	TGTTAGGGCGACCTTCGATTCGGA	AGAACGGAACCCTTCTCTTATACA
PB05_B12	TGTTAGGGCGACCTTCGATTCGGA	TTTATATCGACTGTCGCCGATGCG
PB05_C12	TGTTAGGGCGACCTTCGATTCGGA	CTTGAACCCAGCAATTAGGGCGCG
PB05_D12	TGTTAGGGCGACCTTCGATTCGGA	GCGAGATATACAGTGGGCCGATAC
PB05_E12	TGTTAGGGCGACCTTCGATTCGGA	TATAGTCCGTCAACTTAGGAGAGA
PB05_F12	TGTTAGGGCGACCTTCGATTCGGA	GATTCTCCGTGGTCCATATGCGGT
PB05_G12	TGTTAGGGCGACCTTCGATTCGGA	AACACGATACTGGTATGGTGCGGA
PB05_H12	TGTTAGGGCGACCTTCGATTCGGA	ATCTCTTAGGATCCAGAGAAGCCG
PB06_A01	CAGGACTGCGAACGAAAGATTAAG	CACTTTCGGGAACACGCACAGACG
PB06_B01	CAGGACTGCGAACGAAAGATTAAG	AGACACACTCTTCAAGTCGTGTTA
PB06_C01	CAGGACTGCGAACGAAAGATTAAG	AAAGGAGTAGGATTAACGTCGAGG
PB06_D01	CAGGACTGCGAACGAAAGATTAAG	ATTGATTCCCGCTTATGTGCGTCT
PB06_E01	CAGGACTGCGAACGAAAGATTAAG	GCCGCTTATACGCATAATCTGCAT
PB06_F01	CAGGACTGCGAACGAAAGATTAAG	CCAATCTCAGAAGCTATGTAGCCT
PB06_G01	CAGGACTGCGAACGAAAGATTAAG	ATTGTTGCATCGTAGGCACCGTCG
PB06_H01	CAGGACTGCGAACGAAAGATTAAG	ATGAAGGATTCATCGGCTTAGCTG
PB06_A02	CAGGACTGCGAACGAAAGATTAAG	TAGGTCGTTCAGGTTCGCGCGACT
PB06_B02	CAGGACTGCGAACGAAAGATTAAG	CGGTTTCCGTTAAGTTGCAGTCGT
PB06_C02	CAGGACTGCGAACGAAAGATTAAG	ATCCAGGTAATGATACCCATTGAC
PB06_D02	CAGGACTGCGAACGAAAGATTAAG	GTTCTCTGCATATTGTTTCTAGCG
PB06_E02	CAGGACTGCGAACGAAAGATTAAG	GGTCGACACCTACCTTAGGTCCAA
PB06_F02	CAGGACTGCGAACGAAAGATTAAG	GAATACAAGGGCTGAGTATTGCTA
PB06_G02	CAGGACTGCGAACGAAAGATTAAG	CACCCACGCATATAAGTGGGCACG
PB06_H02	CAGGACTGCGAACGAAAGATTAAG	CAGCCATGCAGAGACCCGTGAAAG
PB06_A03	CAGGACTGCGAACGAAAGATTAAG	TCTTCTGGGTGAACCCAGCCATAT
PB06_B03	CAGGACTGCGAACGAAAGATTAAG	TGGCGTTCTGCCAAATCGGAACCG
PB06_C03	CAGGACTGCGAACGAAAGATTAAG	TTACTACATTTACCGACCGCGCTC
PB06_D03	CAGGACTGCGAACGAAAGATTAAG	TCTTCCCGTTTACGTGATTCTCTA
PB06_E03	CAGGACTGCGAACGAAAGATTAAG	CTACCAAGATCATTGTACTGAGCA
PB06_F03	CAGGACTGCGAACGAAAGATTAAG	ACTGGGACCACTCATGAGAACGAC
PB06_G03	CAGGACTGCGAACGAAAGATTAAG	GATAGGTGCCGTCATCGGTGCAGT
PB06_H03	CAGGACTGCGAACGAAAGATTAAG	ATCGGTATCCAAATGTGCTACTTC
PB06_A04	CAGGACTGCGAACGAAAGATTAAG	CATCTCTTAGCTGTAGTAATCCGG
PB06_B04	CAGGACTGCGAACGAAAGATTAAG	TCAGTCCAGTTGTGTGAAATAGCT
PB06_C04	CAGGACTGCGAACGAAAGATTAAG	GGACTGGTTATGCGCTTGATCTAA
PB06_D04	CAGGACTGCGAACGAAAGATTAAG	AACGCTTTCGGACGGATAGGGTGT
PB06_E04	CAGGACTGCGAACGAAAGATTAAG	CATGTACACTGCGTCTGTCCGAGA
PB06_F04	CAGGACTGCGAACGAAAGATTAAG	GTCTGATCTCTTAGGAACCCGGCG
PB06_G04	CAGGACTGCGAACGAAAGATTAAG	ATGCCTGGCTCGTGTGGACTTTGG
PB06_H04	CAGGACTGCGAACGAAAGATTAAG	GAGGTAGATAACAGCTTTGAAACG
PB06_A05	CAGGACTGCGAACGAAAGATTAAG	GGACGATAGTCTTCATCGTAGGGT
PB06_B05	CAGGACTGCGAACGAAAGATTAAG	CGGAATTACGAGAGGGACGAAGAG
PB06_C05	CAGGACTGCGAACGAAAGATTAAG	TCGCACTGCTGGACATTATACTTT
PB06_D05	CAGGACTGCGAACGAAAGATTAAG	CTGCGGCCAGACATTTGCCTTGTC
PB06_E05	CAGGACTGCGAACGAAAGATTAAG	CACTCTCGTTGTGAAAGTTAGACG
PB06_F05	CAGGACTGCGAACGAAAGATTAAG	GTATGGCTCTATTATCAGATGTCG
PB06_G05	CAGGACTGCGAACGAAAGATTAAG	GCTTGCATAGCTGGAATTGTCTAG
PB06_H05	CAGGACTGCGAACGAAAGATTAAG	CTCTATGGTACTCTTCTACTCCTC
PB06_A06	CAGGACTGCGAACGAAAGATTAAG	GAACTCGTCCTTTACTACTTCGCG
PB06_B06	CAGGACTGCGAACGAAAGATTAAG	TATCCGTGGTCTGGATGCGATGCT
PB06_C06	CAGGACTGCGAACGAAAGATTAAG	CCCGCCTATGGATAAAGTACAGCA
PB06_D06	CAGGACTGCGAACGAAAGATTAAG	ACAATTGCGCTCAATCCGACGTGA
PB06_E06	CAGGACTGCGAACGAAAGATTAAG	TAGTTGCGCCCGTAGCTCTCATGG
PB06_F06	CAGGACTGCGAACGAAAGATTAAG	CGCAGACACTCGGCCGAATCATCA
PB06_G06	CAGGACTGCGAACGAAAGATTAAG	TAGAGATCGCCTACCGAGGACAAG
PB06_H06	CAGGACTGCGAACGAAAGATTAAG	AGTTCAACGACTATTATAGAGCGG
PB06_A07	CAGGACTGCGAACGAAAGATTAAG	ACGTAATGCTCACAGGGTGTGCGG
PB06_B07	CAGGACTGCGAACGAAAGATTAAG	GCATTCACGGTTTATGCGTTTAAC
PB06_C07	CAGGACTGCGAACGAAAGATTAAG	TAACCGCGGAGGATGTGAATCTTA
PB06_D07	CAGGACTGCGAACGAAAGATTAAG	TCAGGACCCGCCAGGAGATACCAT
PB06_E07	CAGGACTGCGAACGAAAGATTAAG	TGTGCCCGCACGTATTTACCTCGA
PB06_F07	CAGGACTGCGAACGAAAGATTAAG	AGCGCGCTATTAACACTTTAGTGA
PB06_G07	CAGGACTGCGAACGAAAGATTAAG	GACATGATTGGCTAAATAGCTACC
PB06_H07	CAGGACTGCGAACGAAAGATTAAG	TGGCCAATGAACCGTACCAAGTGA
PB06_A08	CAGGACTGCGAACGAAAGATTAAG	TCAACGGCTACCGACTAATTATCG
PB06_B08	CAGGACTGCGAACGAAAGATTAAG	GGCTAATCATTCACAGTCAGAAAC
PB06_C08	CAGGACTGCGAACGAAAGATTAAG	ATATAGGTCCAACAACGTTCCGAC
PB06_D08	CAGGACTGCGAACGAAAGATTAAG	TGGAATCCTAACGGTAGGCATATA
PB06_E08	CAGGACTGCGAACGAAAGATTAAG	AAAGGGCCAAGTACCCGGAAACAT
PB06_F08	CAGGACTGCGAACGAAAGATTAAG	CCGATATCTCCGAATGTTTGACGA
PB06_G08	CAGGACTGCGAACGAAAGATTAAG	GGCCAGTTGGCCATTATGGACTCT
PB06_H08	CAGGACTGCGAACGAAAGATTAAG	TGGTTTAAACTTAGCACGCTCCCT
PB06_A09	CAGGACTGCGAACGAAAGATTAAG	CTGTATGTCCATAACGTCCGTCGA
PB06_B09	CAGGACTGCGAACGAAAGATTAAG	GACTATCTAGGCTCAACACTAGGA
PB06_C09	CAGGACTGCGAACGAAAGATTAAG	GCACGATCCGGCTTCTCATTCAGA
PB06_D09	CAGGACTGCGAACGAAAGATTAAG	GACCGTATACTCCTTGTAGATACG
PB06_E09	CAGGACTGCGAACGAAAGATTAAG	TGACCAGTTATACACCGGTGGTGC
PB06_F09	CAGGACTGCGAACGAAAGATTAAG	GGAGACGCTGTAGATTTACATAAG
PB06_G09	CAGGACTGCGAACGAAAGATTAAG	CACTCTCACGACGAAGGCGAGTCA
PB06_H09	CAGGACTGCGAACGAAAGATTAAG	ACGGCGGATACTTCGGAAAGGAGA
PB06_A10	CAGGACTGCGAACGAAAGATTAAG	TCCTGACTTGTCGTACGATTCGTA
PB06_B10	CAGGACTGCGAACGAAAGATTAAG	GGACGTGCTTTCTTCACGGCGTGT
PB06_C10	CAGGACTGCGAACGAAAGATTAAG	AAGCGAAACCATGTTTAGCTGGTG
PB06_D10	CAGGACTGCGAACGAAAGATTAAG	CAGGTTGTGACCAATGGACCGCAG
PB06_E10	CAGGACTGCGAACGAAAGATTAAG	GGGTGGATATCATCCGCGACTGTA
PB06_F10	CAGGACTGCGAACGAAAGATTAAG	GTTGCTGGAAGGTCGTCCGGAATA
PB06_G10	CAGGACTGCGAACGAAAGATTAAG	GCCCAAAGCTAGTCCCGAGTTAGC
PB06_H10	CAGGACTGCGAACGAAAGATTAAG	TAAAGAGCGTGGTCTCATGCCGCG
PB06_A11	CAGGACTGCGAACGAAAGATTAAG	GTTGAGCATGTGCCACACAATCCC
PB06_B11	CAGGACTGCGAACGAAAGATTAAG	ACATGGAGGCACTTATGTTAGCGC
PB06_C11	CAGGACTGCGAACGAAAGATTAAG	CGACAATGCAACGATGACAGTTTG
PB06_D11	CAGGACTGCGAACGAAAGATTAAG	GCAGATTCGGTGAACATCTCAGTG
PB06_E11	CAGGACTGCGAACGAAAGATTAAG	TCCGGGAACTTCTCGATGCCAACT
PB06_F11	CAGGACTGCGAACGAAAGATTAAG	ATGGGTGACGCTTTCTTCAGATCG
PB06_G11	CAGGACTGCGAACGAAAGATTAAG	CAAGAACACCATATACTTGGTCGG
PB06_H11	CAGGACTGCGAACGAAAGATTAAG	CGATCGCCCGTCAATTAGGATCGC
PB06_A12	CAGGACTGCGAACGAAAGATTAAG	AGAACGGAACCCTTCTCTTATACA
PB06_B12	CAGGACTGCGAACGAAAGATTAAG	TTTATATCGACTGTCGCCGATGCG
PB06_C12	CAGGACTGCGAACGAAAGATTAAG	CTTGAACCCAGCAATTAGGGCGCG
PB06_D12	CAGGACTGCGAACGAAAGATTAAG	GCGAGATATACAGTGGGCCGATAC
PB06_E12	CAGGACTGCGAACGAAAGATTAAG	TATAGTCCGTCAACTTAGGAGAGA
PB06_F12	CAGGACTGCGAACGAAAGATTAAG	GATTCTCCGTGGTCCATATGCGGT
PB06_G12	CAGGACTGCGAACGAAAGATTAAG	AACACGATACTGGTATGGTGCGGA
PB06_H12	CAGGACTGCGAACGAAAGATTAAG	ATCTCTTAGGATCCAGAGAAGCCG
PB07_A01	AATGCTTAACCCGGTACCTAACCC	CACTTTCGGGAACACGCACAGACG
PB07_B01	AATGCTTAACCCGGTACCTAACCC	AGACACACTCTTCAAGTCGTGTTA
PB07_C01	AATGCTTAACCCGGTACCTAACCC	AAAGGAGTAGGATTAACGTCGAGG
PB07_D01	AATGCTTAACCCGGTACCTAACCC	ATTGATTCCCGCTTATGTGCGTCT
PB07_E01	AATGCTTAACCCGGTACCTAACCC	GCCGCTTATACGCATAATCTGCAT
PB07_F01	AATGCTTAACCCGGTACCTAACCC	CCAATCTCAGAAGCTATGTAGCCT
PB07_G01	AATGCTTAACCCGGTACCTAACCC	ATTGTTGCATCGTAGGCACCGTCG
PB07_H01	AATGCTTAACCCGGTACCTAACCC	ATGAAGGATTCATCGGCTTAGCTG
PB07_A02	AATGCTTAACCCGGTACCTAACCC	TAGGTCGTTCAGGTTCGCGCGACT
PB07_B02	AATGCTTAACCCGGTACCTAACCC	CGGTTTCCGTTAAGTTGCAGTCGT
PB07_C02	AATGCTTAACCCGGTACCTAACCC	ATCCAGGTAATGATACCCATTGAC
PB07_D02	AATGCTTAACCCGGTACCTAACCC	GTTCTCTGCATATTGTTTCTAGCG
PB07_E02	AATGCTTAACCCGGTACCTAACCC	GGTCGACACCTACCTTAGGTCCAA
PB07_F02	AATGCTTAACCCGGTACCTAACCC	GAATACAAGGGCTGAGTATTGCTA
PB07_G02	AATGCTTAACCCGGTACCTAACCC	CACCCACGCATATAAGTGGGCACG
PB07_H02	AATGCTTAACCCGGTACCTAACCC	CAGCCATGCAGAGACCCGTGAAAG
PB07_A03	AATGCTTAACCCGGTACCTAACCC	TCTTCTGGGTGAACCCAGCCATAT
PB07_B03	AATGCTTAACCCGGTACCTAACCC	TGGCGTTCTGCCAAATCGGAACCG
PB07_C03	AATGCTTAACCCGGTACCTAACCC	TTACTACATTTACCGACCGCGCTC
PB07_D03	AATGCTTAACCCGGTACCTAACCC	TCTTCCCGTTTACGTGATTCTCTA
PB07_E03	AATGCTTAACCCGGTACCTAACCC	CTACCAAGATCATTGTACTGAGCA
PB07_F03	AATGCTTAACCCGGTACCTAACCC	ACTGGGACCACTCATGAGAACGAC
PB07_G03	AATGCTTAACCCGGTACCTAACCC	GATAGGTGCCGTCATCGGTGCAGT
PB07_H03	AATGCTTAACCCGGTACCTAACCC	ATCGGTATCCAAATGTGCTACTTC
PB07_A04	AATGCTTAACCCGGTACCTAACCC	CATCTCTTAGCTGTAGTAATCCGG
PB07_B04	AATGCTTAACCCGGTACCTAACCC	TCAGTCCAGTTGTGTGAAATAGCT
PB07_C04	AATGCTTAACCCGGTACCTAACCC	GGACTGGTTATGCGCTTGATCTAA
PB07_D04	AATGCTTAACCCGGTACCTAACCC	AACGCTTTCGGACGGATAGGGTGT
PB07_E04	AATGCTTAACCCGGTACCTAACCC	CATGTACACTGCGTCTGTCCGAGA
PB07_F04	AATGCTTAACCCGGTACCTAACCC	GTCTGATCTCTTAGGAACCCGGCG
PB07_G04	AATGCTTAACCCGGTACCTAACCC	ATGCCTGGCTCGTGTGGACTTTGG
PB07_H04	AATGCTTAACCCGGTACCTAACCC	GAGGTAGATAACAGCTTTGAAACG
PB07_A05	AATGCTTAACCCGGTACCTAACCC	GGACGATAGTCTTCATCGTAGGGT
PB07_B05	AATGCTTAACCCGGTACCTAACCC	CGGAATTACGAGAGGGACGAAGAG
PB07_C05	AATGCTTAACCCGGTACCTAACCC	TCGCACTGCTGGACATTATACTTT
PB07_D05	AATGCTTAACCCGGTACCTAACCC	CTGCGGCCAGACATTTGCCTTGTC
PB07_E05	AATGCTTAACCCGGTACCTAACCC	CACTCTCGTTGTGAAAGTTAGACG
PB07_F05	AATGCTTAACCCGGTACCTAACCC	GTATGGCTCTATTATCAGATGTCG
PB07_G05	AATGCTTAACCCGGTACCTAACCC	GCTTGCATAGCTGGAATTGTCTAG
PB07_H05	AATGCTTAACCCGGTACCTAACCC	CTCTATGGTACTCTTCTACTCCTC
PB07_A06	AATGCTTAACCCGGTACCTAACCC	GAACTCGTCCTTTACTACTTCGCG
PB07_B06	AATGCTTAACCCGGTACCTAACCC	TATCCGTGGTCTGGATGCGATGCT
PB07_C06	AATGCTTAACCCGGTACCTAACCC	CCCGCCTATGGATAAAGTACAGCA
PB07_D06	AATGCTTAACCCGGTACCTAACCC	ACAATTGCGCTCAATCCGACGTGA
PB07_E06	AATGCTTAACCCGGTACCTAACCC	TAGTTGCGCCCGTAGCTCTCATGG
PB07_F06	AATGCTTAACCCGGTACCTAACCC	CGCAGACACTCGGCCGAATCATCA
PB07_G06	AATGCTTAACCCGGTACCTAACCC	TAGAGATCGCCTACCGAGGACAAG
PB07_H06	AATGCTTAACCCGGTACCTAACCC	AGTTCAACGACTATTATAGAGCGG
PB07_A07	AATGCTTAACCCGGTACCTAACCC	ACGTAATGCTCACAGGGTGTGCGG
PB07_B07	AATGCTTAACCCGGTACCTAACCC	GCATTCACGGTTTATGCGTTTAAC
PB07_C07	AATGCTTAACCCGGTACCTAACCC	TAACCGCGGAGGATGTGAATCTTA
PB07_D07	AATGCTTAACCCGGTACCTAACCC	TCAGGACCCGCCAGGAGATACCAT
PB07_E07	AATGCTTAACCCGGTACCTAACCC	TGTGCCCGCACGTATTTACCTCGA
PB07_F07	AATGCTTAACCCGGTACCTAACCC	AGCGCGCTATTAACACTTTAGTGA
PB07_G07	AATGCTTAACCCGGTACCTAACCC	GACATGATTGGCTAAATAGCTACC
PB07_H07	AATGCTTAACCCGGTACCTAACCC	TGGCCAATGAACCGTACCAAGTGA
PB07_A08	AATGCTTAACCCGGTACCTAACCC	TCAACGGCTACCGACTAATTATCG
PB07_B08	AATGCTTAACCCGGTACCTAACCC	GGCTAATCATTCACAGTCAGAAAC
PB07_C08	AATGCTTAACCCGGTACCTAACCC	ATATAGGTCCAACAACGTTCCGAC
PB07_D08	AATGCTTAACCCGGTACCTAACCC	TGGAATCCTAACGGTAGGCATATA
PB07_E08	AATGCTTAACCCGGTACCTAACCC	AAAGGGCCAAGTACCCGGAAACAT
PB07_F08	AATGCTTAACCCGGTACCTAACCC	CCGATATCTCCGAATGTTTGACGA
PB07_G08	AATGCTTAACCCGGTACCTAACCC	GGCCAGTTGGCCATTATGGACTCT
PB07_H08	AATGCTTAACCCGGTACCTAACCC	TGGTTTAAACTTAGCACGCTCCCT
PB07_A09	AATGCTTAACCCGGTACCTAACCC	CTGTATGTCCATAACGTCCGTCGA
PB07_B09	AATGCTTAACCCGGTACCTAACCC	GACTATCTAGGCTCAACACTAGGA
PB07_C09	AATGCTTAACCCGGTACCTAACCC	GCACGATCCGGCTTCTCATTCAGA
PB07_D09	AATGCTTAACCCGGTACCTAACCC	GACCGTATACTCCTTGTAGATACG
PB07_E09	AATGCTTAACCCGGTACCTAACCC	TGACCAGTTATACACCGGTGGTGC
PB07_F09	AATGCTTAACCCGGTACCTAACCC	GGAGACGCTGTAGATTTACATAAG
PB07_G09	AATGCTTAACCCGGTACCTAACCC	CACTCTCACGACGAAGGCGAGTCA
PB07_H09	AATGCTTAACCCGGTACCTAACCC	ACGGCGGATACTTCGGAAAGGAGA
PB07_A10	AATGCTTAACCCGGTACCTAACCC	TCCTGACTTGTCGTACGATTCGTA
PB07_B10	AATGCTTAACCCGGTACCTAACCC	GGACGTGCTTTCTTCACGGCGTGT
PB07_C10	AATGCTTAACCCGGTACCTAACCC	AAGCGAAACCATGTTTAGCTGGTG
PB07_D10	AATGCTTAACCCGGTACCTAACCC	CAGGTTGTGACCAATGGACCGCAG
PB07_E10	AATGCTTAACCCGGTACCTAACCC	GGGTGGATATCATCCGCGACTGTA
PB07_F10	AATGCTTAACCCGGTACCTAACCC	GTTGCTGGAAGGTCGTCCGGAATA
PB07_G10	AATGCTTAACCCGGTACCTAACCC	GCCCAAAGCTAGTCCCGAGTTAGC
PB07_H10	AATGCTTAACCCGGTACCTAACCC	TAAAGAGCGTGGTCTCATGCCGCG
PB07_A11	AATGCTTAACCCGGTACCTAACCC	GTTGAGCATGTGCCACACAATCCC
PB07_B11	AATGCTTAACCCGGTACCTAACCC	ACATGGAGGCACTTATGTTAGCGC
PB07_C11	AATGCTTAACCCGGTACCTAACCC	CGACAATGCAACGATGACAGTTTG
PB07_D11	AATGCTTAACCCGGTACCTAACCC	GCAGATTCGGTGAACATCTCAGTG
PB07_E11	AATGCTTAACCCGGTACCTAACCC	TCCGGGAACTTCTCGATGCCAACT
PB07_F11	AATGCTTAACCCGGTACCTAACCC	ATGGGTGACGCTTTCTTCAGATCG
PB07_G11	AATGCTTAACCCGGTACCTAACCC	CAAGAACACCATATACTTGGTCGG
PB07_H11	AATGCTTAACCCGGTACCTAACCC	CGATCGCCCGTCAATTAGGATCGC
PB07_A12	AATGCTTAACCCGGTACCTAACCC	AGAACGGAACCCTTCTCTTATACA
PB07_B12	AATGCTTAACCCGGTACCTAACCC	TTTATATCGACTGTCGCCGATGCG
PB07_C12	AATGCTTAACCCGGTACCTAACCC	CTTGAACCCAGCAATTAGGGCGCG
PB07_D12	AATGCTTAACCCGGTACCTAACCC	GCGAGATATACAGTGGGCCGATAC
PB07_E12	AATGCTTAACCCGGTACCTAACCC	TATAGTCCGTCAACTTAGGAGAGA
PB07_F12	AATGCTTAACCCGGTACCTAACCC	GATTCTCCGTGGTCCATATGCGGT
PB07_G12	AATGCTTAACCCGGTACCTAACCC	AACACGATACTGGTATGGTGCGGA
PB07_H12	AATGCTTAACCCGGTACCTAACCC	ATCTCTTAGGATCCAGAGAAGCCG
PB08_A01	GGACTGGGAGGTATAAGGAATAGG	CACTTTCGGGAACACGCACAGACG
PB08_B01	GGACTGGGAGGTATAAGGAATAGG	AGACACACTCTTCAAGTCGTGTTA
PB08_C01	GGACTGGGAGGTATAAGGAATAGG	AAAGGAGTAGGATTAACGTCGAGG
PB08_D01	GGACTGGGAGGTATAAGGAATAGG	ATTGATTCCCGCTTATGTGCGTCT
PB08_E01	GGACTGGGAGGTATAAGGAATAGG	GCCGCTTATACGCATAATCTGCAT
PB08_F01	GGACTGGGAGGTATAAGGAATAGG	CCAATCTCAGAAGCTATGTAGCCT
PB08_G01	GGACTGGGAGGTATAAGGAATAGG	ATTGTTGCATCGTAGGCACCGTCG
PB08_H01	GGACTGGGAGGTATAAGGAATAGG	ATGAAGGATTCATCGGCTTAGCTG
PB08_A02	GGACTGGGAGGTATAAGGAATAGG	TAGGTCGTTCAGGTTCGCGCGACT
PB08_B02	GGACTGGGAGGTATAAGGAATAGG	CGGTTTCCGTTAAGTTGCAGTCGT
PB08_C02	GGACTGGGAGGTATAAGGAATAGG	ATCCAGGTAATGATACCCATTGAC
PB08_D02	GGACTGGGAGGTATAAGGAATAGG	GTTCTCTGCATATTGTTTCTAGCG
PB08_E02	GGACTGGGAGGTATAAGGAATAGG	GGTCGACACCTACCTTAGGTCCAA
PB08_F02	GGACTGGGAGGTATAAGGAATAGG	GAATACAAGGGCTGAGTATTGCTA
PB08_G02	GGACTGGGAGGTATAAGGAATAGG	CACCCACGCATATAAGTGGGCACG
PB08_H02	GGACTGGGAGGTATAAGGAATAGG	CAGCCATGCAGAGACCCGTGAAAG
PB08_A03	GGACTGGGAGGTATAAGGAATAGG	TCTTCTGGGTGAACCCAGCCATAT
PB08_B03	GGACTGGGAGGTATAAGGAATAGG	TGGCGTTCTGCCAAATCGGAACCG
PB08_C03	GGACTGGGAGGTATAAGGAATAGG	TTACTACATTTACCGACCGCGCTC
PB08_D03	GGACTGGGAGGTATAAGGAATAGG	TCTTCCCGTTTACGTGATTCTCTA
PB08_E03	GGACTGGGAGGTATAAGGAATAGG	CTACCAAGATCATTGTACTGAGCA
PB08_F03	GGACTGGGAGGTATAAGGAATAGG	ACTGGGACCACTCATGAGAACGAC
PB08_G03	GGACTGGGAGGTATAAGGAATAGG	GATAGGTGCCGTCATCGGTGCAGT
PB08_H03	GGACTGGGAGGTATAAGGAATAGG	ATCGGTATCCAAATGTGCTACTTC
PB08_A04	GGACTGGGAGGTATAAGGAATAGG	CATCTCTTAGCTGTAGTAATCCGG
PB08_B04	GGACTGGGAGGTATAAGGAATAGG	TCAGTCCAGTTGTGTGAAATAGCT
PB08_C04	GGACTGGGAGGTATAAGGAATAGG	GGACTGGTTATGCGCTTGATCTAA
PB08_D04	GGACTGGGAGGTATAAGGAATAGG	AACGCTTTCGGACGGATAGGGTGT
PB08_E04	GGACTGGGAGGTATAAGGAATAGG	CATGTACACTGCGTCTGTCCGAGA
PB08_F04	GGACTGGGAGGTATAAGGAATAGG	GTCTGATCTCTTAGGAACCCGGCG
PB08_G04	GGACTGGGAGGTATAAGGAATAGG	ATGCCTGGCTCGTGTGGACTTTGG
PB08_H04	GGACTGGGAGGTATAAGGAATAGG	GAGGTAGATAACAGCTTTGAAACG
PB08_A05	GGACTGGGAGGTATAAGGAATAGG	GGACGATAGTCTTCATCGTAGGGT
PB08_B05	GGACTGGGAGGTATAAGGAATAGG	CGGAATTACGAGAGGGACGAAGAG
PB08_C05	GGACTGGGAGGTATAAGGAATAGG	TCGCACTGCTGGACATTATACTTT
PB08_D05	GGACTGGGAGGTATAAGGAATAGG	CTGCGGCCAGACATTTGCCTTGTC
PB08_E05	GGACTGGGAGGTATAAGGAATAGG	CACTCTCGTTGTGAAAGTTAGACG
PB08_F05	GGACTGGGAGGTATAAGGAATAGG	GTATGGCTCTATTATCAGATGTCG
PB08_G05	GGACTGGGAGGTATAAGGAATAGG	GCTTGCATAGCTGGAATTGTCTAG
PB08_H05	GGACTGGGAGGTATAAGGAATAGG	CTCTATGGTACTCTTCTACTCCTC
PB08_A06	GGACTGGGAGGTATAAGGAATAGG	GAACTCGTCCTTTACTACTTCGCG
PB08_B06	GGACTGGGAGGTATAAGGAATAGG	TATCCGTGGTCTGGATGCGATGCT
PB08_C06	GGACTGGGAGGTATAAGGAATAGG	CCCGCCTATGGATAAAGTACAGCA
PB08_D06	GGACTGGGAGGTATAAGGAATAGG	ACAATTGCGCTCAATCCGACGTGA
PB08_E06	GGACTGGGAGGTATAAGGAATAGG	TAGTTGCGCCCGTAGCTCTCATGG
PB08_F06	GGACTGGGAGGTATAAGGAATAGG	CGCAGACACTCGGCCGAATCATCA
PB08_G06	GGACTGGGAGGTATAAGGAATAGG	TAGAGATCGCCTACCGAGGACAAG
PB08_H06	GGACTGGGAGGTATAAGGAATAGG	AGTTCAACGACTATTATAGAGCGG
PB08_A07	GGACTGGGAGGTATAAGGAATAGG	ACGTAATGCTCACAGGGTGTGCGG
PB08_B07	GGACTGGGAGGTATAAGGAATAGG	GCATTCACGGTTTATGCGTTTAAC
PB08_C07	GGACTGGGAGGTATAAGGAATAGG	TAACCGCGGAGGATGTGAATCTTA
PB08_D07	GGACTGGGAGGTATAAGGAATAGG	TCAGGACCCGCCAGGAGATACCAT
PB08_E07	GGACTGGGAGGTATAAGGAATAGG	TGTGCCCGCACGTATTTACCTCGA
PB08_F07	GGACTGGGAGGTATAAGGAATAGG	AGCGCGCTATTAACACTTTAGTGA
PB08_G07	GGACTGGGAGGTATAAGGAATAGG	GACATGATTGGCTAAATAGCTACC
PB08_H07	GGACTGGGAGGTATAAGGAATAGG	TGGCCAATGAACCGTACCAAGTGA
PB08_A08	GGACTGGGAGGTATAAGGAATAGG	TCAACGGCTACCGACTAATTATCG
PB08_B08	GGACTGGGAGGTATAAGGAATAGG	GGCTAATCATTCACAGTCAGAAAC
PB08_C08	GGACTGGGAGGTATAAGGAATAGG	ATATAGGTCCAACAACGTTCCGAC
PB08_D08	GGACTGGGAGGTATAAGGAATAGG	TGGAATCCTAACGGTAGGCATATA
PB08_E08	GGACTGGGAGGTATAAGGAATAGG	AAAGGGCCAAGTACCCGGAAACAT
PB08_F08	GGACTGGGAGGTATAAGGAATAGG	CCGATATCTCCGAATGTTTGACGA
PB08_G08	GGACTGGGAGGTATAAGGAATAGG	GGCCAGTTGGCCATTATGGACTCT
PB08_H08	GGACTGGGAGGTATAAGGAATAGG	TGGTTTAAACTTAGCACGCTCCCT
PB08_A09	GGACTGGGAGGTATAAGGAATAGG	CTGTATGTCCATAACGTCCGTCGA
PB08_B09	GGACTGGGAGGTATAAGGAATAGG	GACTATCTAGGCTCAACACTAGGA
PB08_C09	GGACTGGGAGGTATAAGGAATAGG	GCACGATCCGGCTTCTCATTCAGA
PB08_D09	GGACTGGGAGGTATAAGGAATAGG	GACCGTATACTCCTTGTAGATACG
PB08_E09	GGACTGGGAGGTATAAGGAATAGG	TGACCAGTTATACACCGGTGGTGC
PB08_F09	GGACTGGGAGGTATAAGGAATAGG	GGAGACGCTGTAGATTTACATAAG
PB08_G09	GGACTGGGAGGTATAAGGAATAGG	CACTCTCACGACGAAGGCGAGTCA
PB08_H09	GGACTGGGAGGTATAAGGAATAGG	ACGGCGGATACTTCGGAAAGGAGA
PB08_A10	GGACTGGGAGGTATAAGGAATAGG	TCCTGACTTGTCGTACGATTCGTA
PB08_B10	GGACTGGGAGGTATAAGGAATAGG	GGACGTGCTTTCTTCACGGCGTGT
PB08_C10	GGACTGGGAGGTATAAGGAATAGG	AAGCGAAACCATGTTTAGCTGGTG
PB08_D10	GGACTGGGAGGTATAAGGAATAGG	CAGGTTGTGACCAATGGACCGCAG
PB08_E10	GGACTGGGAGGTATAAGGAATAGG	GGGTGGATATCATCCGCGACTGTA
PB08_F10	GGACTGGGAGGTATAAGGAATAGG	GTTGCTGGAAGGTCGTCCGGAATA
PB08_G10	GGACTGGGAGGTATAAGGAATAGG	GCCCAAAGCTAGTCCCGAGTTAGC
PB08_H10	GGACTGGGAGGTATAAGGAATAGG	TAAAGAGCGTGGTCTCATGCCGCG
PB08_A11	GGACTGGGAGGTATAAGGAATAGG	GTTGAGCATGTGCCACACAATCCC
PB08_B11	GGACTGGGAGGTATAAGGAATAGG	ACATGGAGGCACTTATGTTAGCGC
PB08_C11	GGACTGGGAGGTATAAGGAATAGG	CGACAATGCAACGATGACAGTTTG
PB08_D11	GGACTGGGAGGTATAAGGAATAGG	GCAGATTCGGTGAACATCTCAGTG
PB08_E11	GGACTGGGAGGTATAAGGAATAGG	TCCGGGAACTTCTCGATGCCAACT
PB08_F11	GGACTGGGAGGTATAAGGAATAGG	ATGGGTGACGCTTTCTTCAGATCG
PB08_G11	GGACTGGGAGGTATAAGGAATAGG	CAAGAACACCATATACTTGGTCGG
PB08_H11	GGACTGGGAGGTATAAGGAATAGG	CGATCGCCCGTCAATTAGGATCGC
PB08_A12	GGACTGGGAGGTATAAGGAATAGG	AGAACGGAACCCTTCTCTTATACA
PB08_B12	GGACTGGGAGGTATAAGGAATAGG	TTTATATCGACTGTCGCCGATGCG
PB08_C12	GGACTGGGAGGTATAAGGAATAGG	CTTGAACCCAGCAATTAGGGCGCG
PB08_D12	GGACTGGGAGGTATAAGGAATAGG	GCGAGATATACAGTGGGCCGATAC
PB08_E12	GGACTGGGAGGTATAAGGAATAGG	TATAGTCCGTCAACTTAGGAGAGA
PB08_F12	GGACTGGGAGGTATAAGGAATAGG	GATTCTCCGTGGTCCATATGCGGT
PB08_G12	GGACTGGGAGGTATAAGGAATAGG	AACACGATACTGGTATGGTGCGGA
PB08_H12	GGACTGGGAGGTATAAGGAATAGG	ATCTCTTAGGATCCAGAGAAGCCG
PB09_A01	CGGTAGACGCCTACTTAACTTTCA	CACTTTCGGGAACACGCACAGACG
PB09_B01	CGGTAGACGCCTACTTAACTTTCA	AGACACACTCTTCAAGTCGTGTTA
PB09_C01	CGGTAGACGCCTACTTAACTTTCA	AAAGGAGTAGGATTAACGTCGAGG
PB09_D01	CGGTAGACGCCTACTTAACTTTCA	ATTGATTCCCGCTTATGTGCGTCT
PB09_E01	CGGTAGACGCCTACTTAACTTTCA	GCCGCTTATACGCATAATCTGCAT
PB09_F01	CGGTAGACGCCTACTTAACTTTCA	CCAATCTCAGAAGCTATGTAGCCT
PB09_G01	CGGTAGACGCCTACTTAACTTTCA	ATTGTTGCATCGTAGGCACCGTCG
PB09_H01	CGGTAGACGCCTACTTAACTTTCA	ATGAAGGATTCATCGGCTTAGCTG
PB09_A02	CGGTAGACGCCTACTTAACTTTCA	TAGGTCGTTCAGGTTCGCGCGACT
PB09_B02	CGGTAGACGCCTACTTAACTTTCA	CGGTTTCCGTTAAGTTGCAGTCGT
PB09_C02	CGGTAGACGCCTACTTAACTTTCA	ATCCAGGTAATGATACCCATTGAC
PB09_D02	CGGTAGACGCCTACTTAACTTTCA	GTTCTCTGCATATTGTTTCTAGCG
PB09_E02	CGGTAGACGCCTACTTAACTTTCA	GGTCGACACCTACCTTAGGTCCAA
PB09_F02	CGGTAGACGCCTACTTAACTTTCA	GAATACAAGGGCTGAGTATTGCTA
PB09_G02	CGGTAGACGCCTACTTAACTTTCA	CACCCACGCATATAAGTGGGCACG
PB09_H02	CGGTAGACGCCTACTTAACTTTCA	CAGCCATGCAGAGACCCGTGAAAG
PB09_A03	CGGTAGACGCCTACTTAACTTTCA	TCTTCTGGGTGAACCCAGCCATAT
PB09_B03	CGGTAGACGCCTACTTAACTTTCA	TGGCGTTCTGCCAAATCGGAACCG
PB09_C03	CGGTAGACGCCTACTTAACTTTCA	TTACTACATTTACCGACCGCGCTC
PB09_D03	CGGTAGACGCCTACTTAACTTTCA	TCTTCCCGTTTACGTGATTCTCTA
PB09_E03	CGGTAGACGCCTACTTAACTTTCA	CTACCAAGATCATTGTACTGAGCA
PB09_F03	CGGTAGACGCCTACTTAACTTTCA	ACTGGGACCACTCATGAGAACGAC
PB09_G03	CGGTAGACGCCTACTTAACTTTCA	GATAGGTGCCGTCATCGGTGCAGT
PB09_H03	CGGTAGACGCCTACTTAACTTTCA	ATCGGTATCCAAATGTGCTACTTC
PB09_A04	CGGTAGACGCCTACTTAACTTTCA	CATCTCTTAGCTGTAGTAATCCGG
PB09_B04	CGGTAGACGCCTACTTAACTTTCA	TCAGTCCAGTTGTGTGAAATAGCT
PB09_C04	CGGTAGACGCCTACTTAACTTTCA	GGACTGGTTATGCGCTTGATCTAA
PB09_D04	CGGTAGACGCCTACTTAACTTTCA	AACGCTTTCGGACGGATAGGGTGT
PB09_E04	CGGTAGACGCCTACTTAACTTTCA	CATGTACACTGCGTCTGTCCGAGA
PB09_F04	CGGTAGACGCCTACTTAACTTTCA	GTCTGATCTCTTAGGAACCCGGCG
PB09_G04	CGGTAGACGCCTACTTAACTTTCA	ATGCCTGGCTCGTGTGGACTTTGG
PB09_H04	CGGTAGACGCCTACTTAACTTTCA	GAGGTAGATAACAGCTTTGAAACG
PB09_A05	CGGTAGACGCCTACTTAACTTTCA	GGACGATAGTCTTCATCGTAGGGT
PB09_B05	CGGTAGACGCCTACTTAACTTTCA	CGGAATTACGAGAGGGACGAAGAG
PB09_C05	CGGTAGACGCCTACTTAACTTTCA	TCGCACTGCTGGACATTATACTTT
PB09_D05	CGGTAGACGCCTACTTAACTTTCA	CTGCGGCCAGACATTTGCCTTGTC
PB09_E05	CGGTAGACGCCTACTTAACTTTCA	CACTCTCGTTGTGAAAGTTAGACG
PB09_F05	CGGTAGACGCCTACTTAACTTTCA	GTATGGCTCTATTATCAGATGTCG
PB09_G05	CGGTAGACGCCTACTTAACTTTCA	GCTTGCATAGCTGGAATTGTCTAG
PB09_H05	CGGTAGACGCCTACTTAACTTTCA	CTCTATGGTACTCTTCTACTCCTC
PB09_A06	CGGTAGACGCCTACTTAACTTTCA	GAACTCGTCCTTTACTACTTCGCG
PB09_B06	CGGTAGACGCCTACTTAACTTTCA	TATCCGTGGTCTGGATGCGATGCT
PB09_C06	CGGTAGACGCCTACTTAACTTTCA	CCCGCCTATGGATAAAGTACAGCA
PB09_D06	CGGTAGACGCCTACTTAACTTTCA	ACAATTGCGCTCAATCCGACGTGA
PB09_E06	CGGTAGACGCCTACTTAACTTTCA	TAGTTGCGCCCGTAGCTCTCATGG
PB09_F06	CGGTAGACGCCTACTTAACTTTCA	CGCAGACACTCGGCCGAATCATCA
PB09_G06	CGGTAGACGCCTACTTAACTTTCA	TAGAGATCGCCTACCGAGGACAAG
PB09_H06	CGGTAGACGCCTACTTAACTTTCA	AGTTCAACGACTATTATAGAGCGG
PB09_A07	CGGTAGACGCCTACTTAACTTTCA	ACGTAATGCTCACAGGGTGTGCGG
PB09_B07	CGGTAGACGCCTACTTAACTTTCA	GCATTCACGGTTTATGCGTTTAAC
PB09_C07	CGGTAGACGCCTACTTAACTTTCA	TAACCGCGGAGGATGTGAATCTTA
PB09_D07	CGGTAGACGCCTACTTAACTTTCA	TCAGGACCCGCCAGGAGATACCAT
PB09_E07	CGGTAGACGCCTACTTAACTTTCA	TGTGCCCGCACGTATTTACCTCGA
PB09_F07	CGGTAGACGCCTACTTAACTTTCA	AGCGCGCTATTAACACTTTAGTGA
PB09_G07	CGGTAGACGCCTACTTAACTTTCA	GACATGATTGGCTAAATAGCTACC
PB09_H07	CGGTAGACGCCTACTTAACTTTCA	TGGCCAATGAACCGTACCAAGTGA
PB09_A08	CGGTAGACGCCTACTTAACTTTCA	TCAACGGCTACCGACTAATTATCG
PB09_B08	CGGTAGACGCCTACTTAACTTTCA	GGCTAATCATTCACAGTCAGAAAC
PB09_C08	CGGTAGACGCCTACTTAACTTTCA	ATATAGGTCCAACAACGTTCCGAC
PB09_D08	CGGTAGACGCCTACTTAACTTTCA	TGGAATCCTAACGGTAGGCATATA
PB09_E08	CGGTAGACGCCTACTTAACTTTCA	AAAGGGCCAAGTACCCGGAAACAT
PB09_F08	CGGTAGACGCCTACTTAACTTTCA	CCGATATCTCCGAATGTTTGACGA
PB09_G08	CGGTAGACGCCTACTTAACTTTCA	GGCCAGTTGGCCATTATGGACTCT
PB09_H08	CGGTAGACGCCTACTTAACTTTCA	TGGTTTAAACTTAGCACGCTCCCT
PB09_A09	CGGTAGACGCCTACTTAACTTTCA	CTGTATGTCCATAACGTCCGTCGA
PB09_B09	CGGTAGACGCCTACTTAACTTTCA	GACTATCTAGGCTCAACACTAGGA
PB09_C09	CGGTAGACGCCTACTTAACTTTCA	GCACGATCCGGCTTCTCATTCAGA
PB09_D09	CGGTAGACGCCTACTTAACTTTCA	GACCGTATACTCCTTGTAGATACG
PB09_E09	CGGTAGACGCCTACTTAACTTTCA	TGACCAGTTATACACCGGTGGTGC
PB09_F09	CGGTAGACGCCTACTTAACTTTCA	GGAGACGCTGTAGATTTACATAAG
PB09_G09	CGGTAGACGCCTACTTAACTTTCA	CACTCTCACGACGAAGGCGAGTCA
PB09_H09	CGGTAGACGCCTACTTAACTTTCA	ACGGCGGATACTTCGGAAAGGAGA
PB09_A10	CGGTAGACGCCTACTTAACTTTCA	TCCTGACTTGTCGTACGATTCGTA
PB09_B10	CGGTAGACGCCTACTTAACTTTCA	GGACGTGCTTTCTTCACGGCGTGT
PB09_C10	CGGTAGACGCCTACTTAACTTTCA	AAGCGAAACCATGTTTAGCTGGTG
PB09_D10	CGGTAGACGCCTACTTAACTTTCA	CAGGTTGTGACCAATGGACCGCAG
PB09_E10	CGGTAGACGCCTACTTAACTTTCA	GGGTGGATATCATCCGCGACTGTA
PB09_F10	CGGTAGACGCCTACTTAACTTTCA	GTTGCTGGAAGGTCGTCCGGAATA
PB09_G10	CGGTAGACGCCTACTTAACTTTCA	GCCCAAAGCTAGTCCCGAGTTAGC
PB09_H10	CGGTAGACGCCTACTTAACTTTCA	TAAAGAGCGTGGTCTCATGCCGCG
PB09_A11	CGGTAGACGCCTACTTAACTTTCA	GTTGAGCATGTGCCACACAATCCC
PB09_B11	CGGTAGACGCCTACTTAACTTTCA	ACATGGAGGCACTTATGTTAGCGC
PB09_C11	CGGTAGACGCCTACTTAACTTTCA	CGACAATGCAACGATGACAGTTTG
PB09_D11	CGGTAGACGCCTACTTAACTTTCA	GCAGATTCGGTGAACATCTCAGTG
PB09_E11	CGGTAGACGCCTACTTAACTTTCA	TCCGGGAACTTCTCGATGCCAACT
PB09_F11	CGGTAGACGCCTACTTAACTTTCA	ATGGGTGACGCTTTCTTCAGATCG
PB09_G11	CGGTAGACGCCTACTTAACTTTCA	CAAGAACACCATATACTTGGTCGG
PB09_H11	CGGTAGACGCCTACTTAACTTTCA	CGATCGCCCGTCAATTAGGATCGC
PB09_A12	CGGTAGACGCCTACTTAACTTTCA	AGAACGGAACCCTTCTCTTATACA
PB09_B12	CGGTAGACGCCTACTTAACTTTCA	TTTATATCGACTGTCGCCGATGCG
PB09_C12	CGGTAGACGCCTACTTAACTTTCA	CTTGAACCCAGCAATTAGGGCGCG
PB09_D12	CGGTAGACGCCTACTTAACTTTCA	GCGAGATATACAGTGGGCCGATAC
PB09_E12	CGGTAGACGCCTACTTAACTTTCA	TATAGTCCGTCAACTTAGGAGAGA
PB09_F12	CGGTAGACGCCTACTTAACTTTCA	GATTCTCCGTGGTCCATATGCGGT
PB09_G12	CGGTAGACGCCTACTTAACTTTCA	AACACGATACTGGTATGGTGCGGA
PB09_H12	CGGTAGACGCCTACTTAACTTTCA	ATCTCTTAGGATCCAGAGAAGCCG
PB10_A01	TGGTGATCGTAAAGCGGAGCCTTA	CACTTTCGGGAACACGCACAGACG
PB10_B01	TGGTGATCGTAAAGCGGAGCCTTA	AGACACACTCTTCAAGTCGTGTTA
PB10_C01	TGGTGATCGTAAAGCGGAGCCTTA	AAAGGAGTAGGATTAACGTCGAGG
PB10_D01	TGGTGATCGTAAAGCGGAGCCTTA	ATTGATTCCCGCTTATGTGCGTCT
PB10_E01	TGGTGATCGTAAAGCGGAGCCTTA	GCCGCTTATACGCATAATCTGCAT
PB10_F01	TGGTGATCGTAAAGCGGAGCCTTA	CCAATCTCAGAAGCTATGTAGCCT
PB10_G01	TGGTGATCGTAAAGCGGAGCCTTA	ATTGTTGCATCGTAGGCACCGTCG
PB10_H01	TGGTGATCGTAAAGCGGAGCCTTA	ATGAAGGATTCATCGGCTTAGCTG
PB10_A02	TGGTGATCGTAAAGCGGAGCCTTA	TAGGTCGTTCAGGTTCGCGCGACT
PB10_B02	TGGTGATCGTAAAGCGGAGCCTTA	CGGTTTCCGTTAAGTTGCAGTCGT
PB10_C02	TGGTGATCGTAAAGCGGAGCCTTA	ATCCAGGTAATGATACCCATTGAC
PB10_D02	TGGTGATCGTAAAGCGGAGCCTTA	GTTCTCTGCATATTGTTTCTAGCG
PB10_E02	TGGTGATCGTAAAGCGGAGCCTTA	GGTCGACACCTACCTTAGGTCCAA
PB10_F02	TGGTGATCGTAAAGCGGAGCCTTA	GAATACAAGGGCTGAGTATTGCTA
PB10_G02	TGGTGATCGTAAAGCGGAGCCTTA	CACCCACGCATATAAGTGGGCACG
PB10_H02	TGGTGATCGTAAAGCGGAGCCTTA	CAGCCATGCAGAGACCCGTGAAAG
PB10_A03	TGGTGATCGTAAAGCGGAGCCTTA	TCTTCTGGGTGAACCCAGCCATAT
PB10_B03	TGGTGATCGTAAAGCGGAGCCTTA	TGGCGTTCTGCCAAATCGGAACCG
PB10_C03	TGGTGATCGTAAAGCGGAGCCTTA	TTACTACATTTACCGACCGCGCTC
PB10_D03	TGGTGATCGTAAAGCGGAGCCTTA	TCTTCCCGTTTACGTGATTCTCTA
PB10_E03	TGGTGATCGTAAAGCGGAGCCTTA	CTACCAAGATCATTGTACTGAGCA
PB10_F03	TGGTGATCGTAAAGCGGAGCCTTA	ACTGGGACCACTCATGAGAACGAC
PB10_G03	TGGTGATCGTAAAGCGGAGCCTTA	GATAGGTGCCGTCATCGGTGCAGT
PB10_H03	TGGTGATCGTAAAGCGGAGCCTTA	ATCGGTATCCAAATGTGCTACTTC
PB10_A04	TGGTGATCGTAAAGCGGAGCCTTA	CATCTCTTAGCTGTAGTAATCCGG
PB10_B04	TGGTGATCGTAAAGCGGAGCCTTA	TCAGTCCAGTTGTGTGAAATAGCT
PB10_C04	TGGTGATCGTAAAGCGGAGCCTTA	GGACTGGTTATGCGCTTGATCTAA
PB10_D04	TGGTGATCGTAAAGCGGAGCCTTA	AACGCTTTCGGACGGATAGGGTGT
PB10_E04	TGGTGATCGTAAAGCGGAGCCTTA	CATGTACACTGCGTCTGTCCGAGA
PB10_F04	TGGTGATCGTAAAGCGGAGCCTTA	GTCTGATCTCTTAGGAACCCGGCG
PB10_G04	TGGTGATCGTAAAGCGGAGCCTTA	ATGCCTGGCTCGTGTGGACTTTGG
PB10_H04	TGGTGATCGTAAAGCGGAGCCTTA	GAGGTAGATAACAGCTTTGAAACG
PB10_A05	TGGTGATCGTAAAGCGGAGCCTTA	GGACGATAGTCTTCATCGTAGGGT
PB10_B05	TGGTGATCGTAAAGCGGAGCCTTA	CGGAATTACGAGAGGGACGAAGAG
PB10_C05	TGGTGATCGTAAAGCGGAGCCTTA	TCGCACTGCTGGACATTATACTTT
PB10_D05	TGGTGATCGTAAAGCGGAGCCTTA	CTGCGGCCAGACATTTGCCTTGTC
PB10_E05	TGGTGATCGTAAAGCGGAGCCTTA	CACTCTCGTTGTGAAAGTTAGACG
PB10_F05	TGGTGATCGTAAAGCGGAGCCTTA	GTATGGCTCTATTATCAGATGTCG
PB10_G05	TGGTGATCGTAAAGCGGAGCCTTA	GCTTGCATAGCTGGAATTGTCTAG
PB10_H05	TGGTGATCGTAAAGCGGAGCCTTA	CTCTATGGTACTCTTCTACTCCTC
PB10_A06	TGGTGATCGTAAAGCGGAGCCTTA	GAACTCGTCCTTTACTACTTCGCG
PB10_B06	TGGTGATCGTAAAGCGGAGCCTTA	TATCCGTGGTCTGGATGCGATGCT
PB10_C06	TGGTGATCGTAAAGCGGAGCCTTA	CCCGCCTATGGATAAAGTACAGCA
PB10_D06	TGGTGATCGTAAAGCGGAGCCTTA	ACAATTGCGCTCAATCCGACGTGA
PB10_E06	TGGTGATCGTAAAGCGGAGCCTTA	TAGTTGCGCCCGTAGCTCTCATGG
PB10_F06	TGGTGATCGTAAAGCGGAGCCTTA	CGCAGACACTCGGCCGAATCATCA
PB10_G06	TGGTGATCGTAAAGCGGAGCCTTA	TAGAGATCGCCTACCGAGGACAAG
PB10_H06	TGGTGATCGTAAAGCGGAGCCTTA	AGTTCAACGACTATTATAGAGCGG
PB10_A07	TGGTGATCGTAAAGCGGAGCCTTA	ACGTAATGCTCACAGGGTGTGCGG
PB10_B07	TGGTGATCGTAAAGCGGAGCCTTA	GCATTCACGGTTTATGCGTTTAAC
PB10_C07	TGGTGATCGTAAAGCGGAGCCTTA	TAACCGCGGAGGATGTGAATCTTA
PB10_D07	TGGTGATCGTAAAGCGGAGCCTTA	TCAGGACCCGCCAGGAGATACCAT
PB10_E07	TGGTGATCGTAAAGCGGAGCCTTA	TGTGCCCGCACGTATTTACCTCGA
PB10_F07	TGGTGATCGTAAAGCGGAGCCTTA	AGCGCGCTATTAACACTTTAGTGA
PB10_G07	TGGTGATCGTAAAGCGGAGCCTTA	GACATGATTGGCTAAATAGCTACC
PB10_H07	TGGTGATCGTAAAGCGGAGCCTTA	TGGCCAATGAACCGTACCAAGTGA
PB10_A08	TGGTGATCGTAAAGCGGAGCCTTA	TCAACGGCTACCGACTAATTATCG
PB10_B08	TGGTGATCGTAAAGCGGAGCCTTA	GGCTAATCATTCACAGTCAGAAAC
PB10_C08	TGGTGATCGTAAAGCGGAGCCTTA	ATATAGGTCCAACAACGTTCCGAC
PB10_D08	TGGTGATCGTAAAGCGGAGCCTTA	TGGAATCCTAACGGTAGGCATATA
PB10_E08	TGGTGATCGTAAAGCGGAGCCTTA	AAAGGGCCAAGTACCCGGAAACAT
PB10_F08	TGGTGATCGTAAAGCGGAGCCTTA	CCGATATCTCCGAATGTTTGACGA
PB10_G08	TGGTGATCGTAAAGCGGAGCCTTA	GGCCAGTTGGCCATTATGGACTCT
PB10_H08	TGGTGATCGTAAAGCGGAGCCTTA	TGGTTTAAACTTAGCACGCTCCCT
PB10_A09	TGGTGATCGTAAAGCGGAGCCTTA	CTGTATGTCCATAACGTCCGTCGA
PB10_B09	TGGTGATCGTAAAGCGGAGCCTTA	GACTATCTAGGCTCAACACTAGGA
PB10_C09	TGGTGATCGTAAAGCGGAGCCTTA	GCACGATCCGGCTTCTCATTCAGA
PB10_D09	TGGTGATCGTAAAGCGGAGCCTTA	GACCGTATACTCCTTGTAGATACG
PB10_E09	TGGTGATCGTAAAGCGGAGCCTTA	TGACCAGTTATACACCGGTGGTGC
PB10_F09	TGGTGATCGTAAAGCGGAGCCTTA	GGAGACGCTGTAGATTTACATAAG
PB10_G09	TGGTGATCGTAAAGCGGAGCCTTA	CACTCTCACGACGAAGGCGAGTCA
PB10_H09	TGGTGATCGTAAAGCGGAGCCTTA	ACGGCGGATACTTCGGAAAGGAGA
PB10_A10	TGGTGATCGTAAAGCGGAGCCTTA	TCCTGACTTGTCGTACGATTCGTA
PB10_B10	TGGTGATCGTAAAGCGGAGCCTTA	GGACGTGCTTTCTTCACGGCGTGT
PB10_C10	TGGTGATCGTAAAGCGGAGCCTTA	AAGCGAAACCATGTTTAGCTGGTG
PB10_D10	TGGTGATCGTAAAGCGGAGCCTTA	CAGGTTGTGACCAATGGACCGCAG
PB10_E10	TGGTGATCGTAAAGCGGAGCCTTA	GGGTGGATATCATCCGCGACTGTA
PB10_F10	TGGTGATCGTAAAGCGGAGCCTTA	GTTGCTGGAAGGTCGTCCGGAATA
PB10_G10	TGGTGATCGTAAAGCGGAGCCTTA	GCCCAAAGCTAGTCCCGAGTTAGC
PB10_H10	TGGTGATCGTAAAGCGGAGCCTTA	TAAAGAGCGTGGTCTCATGCCGCG
PB10_A11	TGGTGATCGTAAAGCGGAGCCTTA	GTTGAGCATGTGCCACACAATCCC
PB10_B11	TGGTGATCGTAAAGCGGAGCCTTA	ACATGGAGGCACTTATGTTAGCGC
PB10_C11	TGGTGATCGTAAAGCGGAGCCTTA	CGACAATGCAACGATGACAGTTTG
PB10_D11	TGGTGATCGTAAAGCGGAGCCTTA	GCAGATTCGGTGAACATCTCAGTG
PB10_E11	TGGTGATCGTAAAGCGGAGCCTTA	TCCGGGAACTTCTCGATGCCAACT
PB10_F11	TGGTGATCGTAAAGCGGAGCCTTA	ATGGGTGACGCTTTCTTCAGATCG
PB10_G11	TGGTGATCGTAAAGCGGAGCCTTA	CAAGAACACCATATACTTGGTCGG
PB10_H11	TGGTGATCGTAAAGCGGAGCCTTA	CGATCGCCCGTCAATTAGGATCGC
PB10_A12	TGGTGATCGTAAAGCGGAGCCTTA	AGAACGGAACCCTTCTCTTATACA
PB10_B12	TGGTGATCGTAAAGCGGAGCCTTA	TTTATATCGACTGTCGCCGATGCG
PB10_C12	TGGTGATCGTAAAGCGGAGCCTTA	CTTGAACCCAGCAATTAGGGCGCG
PB10_D12	TGGTGATCGTAAAGCGGAGCCTTA	GCGAGATATACAGTGGGCCGATAC
PB10_E12	TGGTGATCGTAAAGCGGAGCCTTA	TATAGTCCGTCAACTTAGGAGAGA
PB10_F12	TGGTGATCGTAAAGCGGAGCCTTA	GATTCTCCGTGGTCCATATGCGGT
PB10_G12	TGGTGATCGTAAAGCGGAGCCTTA	AACACGATACTGGTATGGTGCGGA
PB10_H12	TGGTGATCGTAAAGCGGAGCCTTA	ATCTCTTAGGATCCAGAGAAGCCG
PB11_A01	ATGAATCTGTGTTGGGTGTGCCAG	CACTTTCGGGAACACGCACAGACG
PB11_B01	ATGAATCTGTGTTGGGTGTGCCAG	AGACACACTCTTCAAGTCGTGTTA
PB11_C01	ATGAATCTGTGTTGGGTGTGCCAG	AAAGGAGTAGGATTAACGTCGAGG
PB11_D01	ATGAATCTGTGTTGGGTGTGCCAG	ATTGATTCCCGCTTATGTGCGTCT
PB11_E01	ATGAATCTGTGTTGGGTGTGCCAG	GCCGCTTATACGCATAATCTGCAT
PB11_F01	ATGAATCTGTGTTGGGTGTGCCAG	CCAATCTCAGAAGCTATGTAGCCT
PB11_G01	ATGAATCTGTGTTGGGTGTGCCAG	ATTGTTGCATCGTAGGCACCGTCG
PB11_H01	ATGAATCTGTGTTGGGTGTGCCAG	ATGAAGGATTCATCGGCTTAGCTG
PB11_A02	ATGAATCTGTGTTGGGTGTGCCAG	TAGGTCGTTCAGGTTCGCGCGACT
PB11_B02	ATGAATCTGTGTTGGGTGTGCCAG	CGGTTTCCGTTAAGTTGCAGTCGT
PB11_C02	ATGAATCTGTGTTGGGTGTGCCAG	ATCCAGGTAATGATACCCATTGAC
PB11_D02	ATGAATCTGTGTTGGGTGTGCCAG	GTTCTCTGCATATTGTTTCTAGCG
PB11_E02	ATGAATCTGTGTTGGGTGTGCCAG	GGTCGACACCTACCTTAGGTCCAA
PB11_F02	ATGAATCTGTGTTGGGTGTGCCAG	GAATACAAGGGCTGAGTATTGCTA
PB11_G02	ATGAATCTGTGTTGGGTGTGCCAG	CACCCACGCATATAAGTGGGCACG
PB11_H02	ATGAATCTGTGTTGGGTGTGCCAG	CAGCCATGCAGAGACCCGTGAAAG
PB11_A03	ATGAATCTGTGTTGGGTGTGCCAG	TCTTCTGGGTGAACCCAGCCATAT
PB11_B03	ATGAATCTGTGTTGGGTGTGCCAG	TGGCGTTCTGCCAAATCGGAACCG
PB11_C03	ATGAATCTGTGTTGGGTGTGCCAG	TTACTACATTTACCGACCGCGCTC
PB11_D03	ATGAATCTGTGTTGGGTGTGCCAG	TCTTCCCGTTTACGTGATTCTCTA
PB11_E03	ATGAATCTGTGTTGGGTGTGCCAG	CTACCAAGATCATTGTACTGAGCA
PB11_F03	ATGAATCTGTGTTGGGTGTGCCAG	ACTGGGACCACTCATGAGAACGAC
PB11_G03	ATGAATCTGTGTTGGGTGTGCCAG	GATAGGTGCCGTCATCGGTGCAGT
PB11_H03	ATGAATCTGTGTTGGGTGTGCCAG	ATCGGTATCCAAATGTGCTACTTC
PB11_A04	ATGAATCTGTGTTGGGTGTGCCAG	CATCTCTTAGCTGTAGTAATCCGG
PB11_B04	ATGAATCTGTGTTGGGTGTGCCAG	TCAGTCCAGTTGTGTGAAATAGCT
PB11_C04	ATGAATCTGTGTTGGGTGTGCCAG	GGACTGGTTATGCGCTTGATCTAA
PB11_D04	ATGAATCTGTGTTGGGTGTGCCAG	AACGCTTTCGGACGGATAGGGTGT
PB11_E04	ATGAATCTGTGTTGGGTGTGCCAG	CATGTACACTGCGTCTGTCCGAGA
PB11_F04	ATGAATCTGTGTTGGGTGTGCCAG	GTCTGATCTCTTAGGAACCCGGCG
PB11_G04	ATGAATCTGTGTTGGGTGTGCCAG	ATGCCTGGCTCGTGTGGACTTTGG
PB11_H04	ATGAATCTGTGTTGGGTGTGCCAG	GAGGTAGATAACAGCTTTGAAACG
PB11_A05	ATGAATCTGTGTTGGGTGTGCCAG	GGACGATAGTCTTCATCGTAGGGT
PB11_B05	ATGAATCTGTGTTGGGTGTGCCAG	CGGAATTACGAGAGGGACGAAGAG
PB11_C05	ATGAATCTGTGTTGGGTGTGCCAG	TCGCACTGCTGGACATTATACTTT
PB11_D05	ATGAATCTGTGTTGGGTGTGCCAG	CTGCGGCCAGACATTTGCCTTGTC
PB11_E05	ATGAATCTGTGTTGGGTGTGCCAG	CACTCTCGTTGTGAAAGTTAGACG
PB11_F05	ATGAATCTGTGTTGGGTGTGCCAG	GTATGGCTCTATTATCAGATGTCG
PB11_G05	ATGAATCTGTGTTGGGTGTGCCAG	GCTTGCATAGCTGGAATTGTCTAG
PB11_H05	ATGAATCTGTGTTGGGTGTGCCAG	CTCTATGGTACTCTTCTACTCCTC
PB11_A06	ATGAATCTGTGTTGGGTGTGCCAG	GAACTCGTCCTTTACTACTTCGCG
PB11_B06	ATGAATCTGTGTTGGGTGTGCCAG	TATCCGTGGTCTGGATGCGATGCT
PB11_C06	ATGAATCTGTGTTGGGTGTGCCAG	CCCGCCTATGGATAAAGTACAGCA
PB11_D06	ATGAATCTGTGTTGGGTGTGCCAG	ACAATTGCGCTCAATCCGACGTGA
PB11_E06	ATGAATCTGTGTTGGGTGTGCCAG	TAGTTGCGCCCGTAGCTCTCATGG
PB11_F06	ATGAATCTGTGTTGGGTGTGCCAG	CGCAGACACTCGGCCGAATCATCA
PB11_G06	ATGAATCTGTGTTGGGTGTGCCAG	TAGAGATCGCCTACCGAGGACAAG
PB11_H06	ATGAATCTGTGTTGGGTGTGCCAG	AGTTCAACGACTATTATAGAGCGG
PB11_A07	ATGAATCTGTGTTGGGTGTGCCAG	ACGTAATGCTCACAGGGTGTGCGG
PB11_B07	ATGAATCTGTGTTGGGTGTGCCAG	GCATTCACGGTTTATGCGTTTAAC
PB11_C07	ATGAATCTGTGTTGGGTGTGCCAG	TAACCGCGGAGGATGTGAATCTTA
PB11_D07	ATGAATCTGTGTTGGGTGTGCCAG	TCAGGACCCGCCAGGAGATACCAT
PB11_E07	ATGAATCTGTGTTGGGTGTGCCAG	TGTGCCCGCACGTATTTACCTCGA
PB11_F07	ATGAATCTGTGTTGGGTGTGCCAG	AGCGCGCTATTAACACTTTAGTGA
PB11_G07	ATGAATCTGTGTTGGGTGTGCCAG	GACATGATTGGCTAAATAGCTACC
PB11_H07	ATGAATCTGTGTTGGGTGTGCCAG	TGGCCAATGAACCGTACCAAGTGA
PB11_A08	ATGAATCTGTGTTGGGTGTGCCAG	TCAACGGCTACCGACTAATTATCG
PB11_B08	ATGAATCTGTGTTGGGTGTGCCAG	GGCTAATCATTCACAGTCAGAAAC
PB11_C08	ATGAATCTGTGTTGGGTGTGCCAG	ATATAGGTCCAACAACGTTCCGAC
PB11_D08	ATGAATCTGTGTTGGGTGTGCCAG	TGGAATCCTAACGGTAGGCATATA
PB11_E08	ATGAATCTGTGTTGGGTGTGCCAG	AAAGGGCCAAGTACCCGGAAACAT
PB11_F08	ATGAATCTGTGTTGGGTGTGCCAG	CCGATATCTCCGAATGTTTGACGA
PB11_G08	ATGAATCTGTGTTGGGTGTGCCAG	GGCCAGTTGGCCATTATGGACTCT
PB11_H08	ATGAATCTGTGTTGGGTGTGCCAG	TGGTTTAAACTTAGCACGCTCCCT
PB11_A09	ATGAATCTGTGTTGGGTGTGCCAG	CTGTATGTCCATAACGTCCGTCGA
PB11_B09	ATGAATCTGTGTTGGGTGTGCCAG	GACTATCTAGGCTCAACACTAGGA
PB11_C09	ATGAATCTGTGTTGGGTGTGCCAG	GCACGATCCGGCTTCTCATTCAGA
PB11_D09	ATGAATCTGTGTTGGGTGTGCCAG	GACCGTATACTCCTTGTAGATACG
PB11_E09	ATGAATCTGTGTTGGGTGTGCCAG	TGACCAGTTATACACCGGTGGTGC
PB11_F09	ATGAATCTGTGTTGGGTGTGCCAG	GGAGACGCTGTAGATTTACATAAG
PB11_G09	ATGAATCTGTGTTGGGTGTGCCAG	CACTCTCACGACGAAGGCGAGTCA
PB11_H09	ATGAATCTGTGTTGGGTGTGCCAG	ACGGCGGATACTTCGGAAAGGAGA
PB11_A10	ATGAATCTGTGTTGGGTGTGCCAG	TCCTGACTTGTCGTACGATTCGTA
PB11_B10	ATGAATCTGTGTTGGGTGTGCCAG	GGACGTGCTTTCTTCACGGCGTGT
PB11_C10	ATGAATCTGTGTTGGGTGTGCCAG	AAGCGAAACCATGTTTAGCTGGTG
PB11_D10	ATGAATCTGTGTTGGGTGTGCCAG	CAGGTTGTGACCAATGGACCGCAG
PB11_E10	ATGAATCTGTGTTGGGTGTGCCAG	GGGTGGATATCATCCGCGACTGTA
PB11_F10	ATGAATCTGTGTTGGGTGTGCCAG	GTTGCTGGAAGGTCGTCCGGAATA
PB11_G10	ATGAATCTGTGTTGGGTGTGCCAG	GCCCAAAGCTAGTCCCGAGTTAGC
PB11_H10	ATGAATCTGTGTTGGGTGTGCCAG	TAAAGAGCGTGGTCTCATGCCGCG
PB11_A11	ATGAATCTGTGTTGGGTGTGCCAG	GTTGAGCATGTGCCACACAATCCC
PB11_B11	ATGAATCTGTGTTGGGTGTGCCAG	ACATGGAGGCACTTATGTTAGCGC
PB11_C11	ATGAATCTGTGTTGGGTGTGCCAG	CGACAATGCAACGATGACAGTTTG
PB11_D11	ATGAATCTGTGTTGGGTGTGCCAG	GCAGATTCGGTGAACATCTCAGTG
PB11_E11	ATGAATCTGTGTTGGGTGTGCCAG	TCCGGGAACTTCTCGATGCCAACT
PB11_F11	ATGAATCTGTGTTGGGTGTGCCAG	ATGGGTGACGCTTTCTTCAGATCG
PB11_G11	ATGAATCTGTGTTGGGTGTGCCAG	CAAGAACACCATATACTTGGTCGG
PB11_H11	ATGAATCTGTGTTGGGTGTGCCAG	CGATCGCCCGTCAATTAGGATCGC
PB11_A12	ATGAATCTGTGTTGGGTGTGCCAG	AGAACGGAACCCTTCTCTTATACA
PB11_B12	ATGAATCTGTGTTGGGTGTGCCAG	TTTATATCGACTGTCGCCGATGCG
PB11_C12	ATGAATCTGTGTTGGGTGTGCCAG	CTTGAACCCAGCAATTAGGGCGCG
PB11_D12	ATGAATCTGTGTTGGGTGTGCCAG	GCGAGATATACAGTGGGCCGATAC
PB11_E12	ATGAATCTGTGTTGGGTGTGCCAG	TATAGTCCGTCAACTTAGGAGAGA
PB11_F12	ATGAATCTGTGTTGGGTGTGCCAG	GATTCTCCGTGGTCCATATGCGGT
PB11_G12	ATGAATCTGTGTTGGGTGTGCCAG	AACACGATACTGGTATGGTGCGGA
PB11_H12	ATGAATCTGTGTTGGGTGTGCCAG	ATCTCTTAGGATCCAGAGAAGCCG
